uid,Advert-奖励,BuildRoomMgr-AddRoom,BuildRoomMgr-StartRoom,LBS-加声望,LBS-开始BOSS战,LBS-赛季结算,NewRewardGet-无效的领取奖励码,RPC-匹配模式,RPC-团队生存模式,RPC-大怪兽与小布丁匹配,RPC-新手自由匹配模式,RPC-机器人匹配模式,RPC-自由匹配模式,RPC-闪电战模式,Redis-responseError,SHOW-增加经验,Show-增加最炫次数,VIP-更新经验,advert-奖励,advert-用户可看到广告,advert-用户点击广告,geo-玩家删除位置信息,lbs-速度限制切换后台,七日签到-补签-货币数量不足,七日签到-领取的签到天数错误,上报-统计数据,上线-已在线,下线-双刷团战组队,下线-大怪兽与小布丁,下线-足球模式组队,下线-退出队伍,下线-通用团战,下线-队长下线,个推-发送结果,二级密码-验证成功,人气-增加人气,任务-增加进度,"传输数据错误:{""error"":""partial-write:",信息-本地安装信息,充值-发起订单,充值-回调充值超时成功,充值-支付成功,充值-收到回调,充值-未注册用户,关系-id错误,关系-添加关注,分享-已绑定创建小号,分享-找回-手机号不一致,分享-找回-找回账号已经超过3天,分享-棒棒糖,分享-胡萝卜,分享-设置模拟器标识,匹配-加入队伍,匹配-开始游戏,匹配-新建房间,卡顿-执行时间,发现-低热门推荐发现玩家,发现-标签推荐发现玩家,发现-相同兴趣发现玩家,发现-附近发现玩家,合成-合成道具成功,合成-完成,商店-删除材料道具时间,商店-加经验,商店-已领取完成,商店-开CD宝箱,商店-开珍宝箱,商店-开钻石宝箱,喜欢-免费,喜欢-统计,回归活动-活动时间已经结束,回归活动-游戏次数或段位不够,回归活动-设置二次回归,回归活动-领取奖励成功,团战生存-开始匹配,团战生存-断线重连,团战生存-队伍人数已满,团战生存-队伍已满,团战生存-队长下线,团队生存-不能拒绝自己队伍,团队生存-匹配中,团队生存-匹配加入队伍,团队生存-匹配发送同步信息,团队生存-匹配开始游戏,团队生存-匹配新建房间,团队生存-已在其它队伍,团队生存-拒绝其它邀请,团队生存-收到同步信息,团队生存-未找到匹配房间,团队生存-未找到队长所在服务器,团队生存-本队伍已满,团队生存-模式错误,团队生存-重新加载数据,团队生存-队伍已解散,基础组队-不在邀请列表中,基础组队-创建队伍,基础组队-发送邀请,基础组队-处理邀请完成,基础组队-断线重连,基础组队-解散队伍,大奖赛-匹配,大奖赛-开始游戏,大奖赛-当前轮次结算,大奖赛-生成邀请码,大奖赛-超时领取奖励,大奖赛-重新加载数据,大怪兽与小布丁-加入队伍,大怪兽与小布丁-发送同步信息,大怪兽与小布丁-开始匹配,大怪兽与小布丁-开始游戏,大怪兽与小布丁-新建房间,宝箱-删除团队宝箱,宝箱-开启成功,宝箱-开宝箱掉落,宝箱-添加成功,宝箱-清CD成功,宝箱-获取宝箱失败或不在cd中,宝箱-领取失败,宝箱-领取成功,实名-提交认证,封禁-账号被封,屏蔽留言-second,巅峰团战-不是团战或者类型不一致,巅峰团战-处理增加入场券计数,幸运转盘2-道具不足,幸运轮盘-购买成功,幸运轮盘-领取周奖励成功,广告-领奖和看广告间隔时间过长，涉嫌作弊,序列-不计算,序列-获取,序列-设置,建议-用户提交建议,强制关注-关注间隔时间未到,强制关注-获取附近的人失败,战队-加入战队,战队-退出战队,"战队玩家申请加入战队,-cid:64482089,",房间-不能中途加入,房间-加入游戏,房间-已解散,房间-开始游戏,房间-房间已满或重复进入-添加失败,房间-断线重连,房间-未找到邀请列表,房间-权限不够,房间-黑名单中,"房间结束-观战房间结束,",手速-验证码出错,手速大比拼-单机手速开始,手速大比拼-单机手速结算,手速大比拼-开始比赛,手速大比拼-获取手速信息,手速大比拼-设置手速分数,扔棒棒糖-活动重置数据,批量购买-批量购买,批量购买-数值不足,技巧训练-单机技巧结算,技巧训练-开始检查扣分,技巧训练-技巧升级,技巧训练-技巧赛季结算,技巧训练-计算积分加成,挂机治理-举报扣信誉,挂机治理-封号,挂机治理-扣除信誉,推送-发送成功,摇一摇-打开摇一摇,数值-增加,数值-增加送礼积分,数值-扣除,数据-强制关注列表,数据-添加关注,数据-赛季不一致,数据预警-解析日志失败,新手匹配-设置新手匹配状态,新手自由-新手自由匹配档位,新手自由匹配-加入匹配房间,新手自由匹配-匹配,新手自由匹配-匹配开始游戏,新手自由匹配-匹配等待中,新手自由匹配-开始匹配,新手自由匹配-开始比赛,新手自由匹配-断线重连,新手自由匹配-新建房间,新手自由匹配模式-更新段位数据,新手自由匹配模式-检查分流情况,服务-未找到玩家,查看-棒棒糖,查看-胡萝卜,梦幻挑战-抽卡产出,段位-升级,注册-创建球球号,注销-下线,注销-玩家下线,活动-十连抽,活动-球球树可浇水次数不足,活动-球球树已经领取活动奖励,活动-球球树达到重置次数,活动-累计充值配置错误,游戏-断线重连,玩家-连接超时,球球号-更换球球号,留言-与近5条留言重复禁10分钟,留言-批量删除,留言-点赞,留言-点赞成功,留言-热度大于1000禁10分钟,留言-留言成功,登录-上线,登录-初始化成功,登录-发现重复登录,登录-已绑定-密码错误,登录-找不到注册设备号,登录-指令回放,登录-收到初始化,登录-收到登录请求,登录-新签名错误,登录-登录验证成功,登录-绑定服务器,登录-认证通过,登录-验证session失败,登录-验证失败,皮肤工坊-单次打造结果,皮肤工坊-打造结果,直购礼包-取消锁定,直购礼包-生成订单,相册-删除照片,短信-发送成功,短信-发送验证码成功,短信-重设密码成功,礼物-获得礼物,离线同步-上线同步,签到-签到成功,签到-设置连续签到次数,签到-领取奖励成功,系统通知-上线同步,系统通知-发送成功,系统通知-离线记录,组队-不在邀请列表中,组队-创建队伍,组队-发送同步信息,组队-已加入组队,组队-已在其它人队伍中,组队-开始匹配,组队-开始游戏,组队-收到同步信息,组队-队伍人数已满,组队-队伍已满,经验-增加,绑定-绑定成功,绑定-绑定手机成功,结算-Boss模式,结算-勇者积分,结算-团队生存,结算-团队生存个人结算,结算-团队生存勋章,结算-大奖赛,结算-大怪兽小布丁,结算-更新能力值,结算-组队统计,结算-结算成功,结算-结算无效,结算-结算生存成功,结算-自由/组队,统计-结算,综合评分-赛季结算,群组-定时清除非活跃群,聊天-创建聊天群组,聊天-加入聊天群组,聊天-离开群组中没找到该玩家,聊天-离开聊天群组,聊天-私聊,聊天-私聊发送成功,聊天-私聊权限不是互关好友无法聊天,聊天-群聊,聊天-获取查找不到该群组信息,聊天-获取群组中没找到该玩家,聊天-语音,自由匹配-加入匹配房间,自由匹配-匹配,自由匹配-匹配开始游戏,自由匹配-匹配等待中,自由匹配-开始匹配,自由匹配-开始比赛,自由匹配-收到同步信息,自由匹配-新建房间,自由匹配-获取数据,自由匹配-重新加载数据,观战-创建新的观战房间,观战-观战结束没连网关,解锁技巧-触发条件解锁,订阅-订阅成功,认证-添加成功,许愿池2-当前不是许愿状态,许愿池2-许愿成功,设备-添加本地设备,请求广告-不播放广告,请求广告-在不看广告冷却期,请求广告-在领奖冷却期,请求广告-概率控制,请求广告-没有玩过游戏,请求广告-玩游戏时间过长,购买-数值不足,贵族-升级,赛事-增加经验,赛事-打call券不足,赛事-打call失败,赛季-加分-赛季结束,赛季-团队生存结算,赛季-结算成功,赛季-重置,转发-未找到玩家,转发-获取玩家所在网关失败,转发-转发通知成功,转发-重复发送,送礼-初始化充值蘑菇,送礼-获取有价值人气值,送礼-送礼金钱不足或送礼功能被封,通用团战-发送邀请,通用团战-回复邀请处理成功,通用团战-回复邀请已在其它人队伍中,通用团战-回复邀请所在组队还在游戏中,通用团战-收到同步信息,通用团战-解散队伍,通知-回调游戏成功,通讯录-邀请过期,道具-删除成功,道具-加载皮肤,道具-批量删除,道具-批量添加,道具-批量购买成功,道具-添加成功,道具-激活成功,道具-购买成功,道具-超时删除,铁匠铺-加幸运值,铁匠铺-加经验,铁匠铺-重置幸运值,门票-购买成功,防沉迷-通知,飞船-加经验,验证-检查新手机号成功,黑卡-设置活跃玩家
1682171,1,,,,,,,,4,,,,,1,5,,,,,,1,,,,,35,1,,,,,,,,,1,7,,,,,,,,,,,,,,,2,,,,,,,,,,,,,,1,,,,,5,,,,4,,,,,,,4,2,,,,,2,,,,,,,,,,,,,,,,,,,,,,,,,1,,2,,,,1,,,,,,,,,,,,,,,,,,,,,,,,,,,,1,,,,,,,,,,,,,,,,,,,,5,,4,,,,,,,,,,,,,,,,,,,,,1,,3,3,,,,,2,,2,,,,,,,,3,4,1,,2,2,16,10,,10,4,4,,,,,,,,,,,,4,,,,,,,,,,,,,2,,,,1,,,,,4,4,2,,,18,,1,,1,,,,1,,,,,,,,,,,,,,,,,,,,,,3,,,,,,,2,,,,,,,,,,,,,,,,,,,,,,,,,,,,,,,,5,,3,,3,,,,,,,2,,1,,5
3314997,,,,,,,,,,,,,,,10,,,,,,,,,,,10,,,,,,,,1,,,24,,,,,,,,,,,,,,,1,,,,,,,,,,,1,,,,,,2,2,10,,,,,,,,,,,,,,,,,,,,,,,,,,,,,,,,,,,,,,,,,,1,,,,,,,,,,,,,,,,,,,,,,,,,,,,,,,,,,,,,,,,,,,,,,,,,,,,1,,10,4,1,,,,,,,,,,,,,,,,,,,,,,,1,1,,,,,1,,1,,,,,,,1,1,32,1,1,,1,39,3,,1,2,2,,,,,,,,,,,4,2,1,,,,,,,,,,,,,,,,,,,,,,,,,,16,,,,,,,,,,,,,,,,,,,,,,,,,,,,,,,,,,,,,,,,,,,,,,,,,,,,,,,,,,,,,,,,,,,,11,,,11,,,1,,1,,,,,,,,
4032197,,,,,,,,,1,14,,,,,50,,3,1,,,,,,,,127,,,,,,,,,,,4,,,3,2,2,2,,,2,,,,,,9,,,,,,,,,,,5,2,,2,,1,,,,,,,1,,,,,,,1,1,,,,,1,,,,,,,,17,,,1,1,2,2,2,,1,,9,19,14,4,1,,1,3,1,,,,2,,,,,,,,,,,,,,,,,,,,,,,,,,,,,,,,,,,,,,,,1,,,,,,,,25,,4,,2,,4,,,,,,,,,,,,,,,,5,,,4,9,1,,,,9,,5,,,,,,,,4,16,,,,,20,11,,5,9,9,,,,,,,,,,,,9,2,,,,2,,,,,,,,6,,,,,,,,,1,1,1,2,14,10,,,4,,,,,,,,,,,2,,,,,,,,,,,,,,,,1,,,,,,,,35,,,,,,1,,2,,,,,,,,,,,,,,,,,,10,,2,,12,18,,38,,21,6,,1,,,,,,1,,1
4366971,,,,,,,,,23,,,,,,105,,,,,,,,,,,190,,,,,,,,,,,25,,,,,,,,,7,,,,,,6,,,,,,,,,,,,1,,1,,,3,3,80,,,,16,,,,,,,21,19,,2,,,19,,,,,,1,,1,,,,,,,,,,,,,1,,,,1,,,,,,1,,,,,,,,,,,,,,,,,,,,,,,,,,,,1,,,,,,,,,,,,19,,16,,,,,,3,1,1,,7,,,,,,,,,,,,,,,,,,,5,,6,12,,,,,7,,1,,,,,,,,6,12,,,,1,13,88,,57,12,12,,,,,,,,,,,1,7,1,,,,,,,2,,,3,1,3,,,,,,,,,23,23,11,,,15,,5,,,,,,,,,,,2,,,,,,,,,,,2,,,,,,5,,,,,,,,62,,,,,,,,,,,,,,,,5,,,,,,,1,,,,,,,,25,,7,,5,,,,,,,,,,,17
5187131,,39,19,2,2,,,5,21,,,,1,4,212,,,,,,,,6,,,330,1,,,,,,,,,1,53,,,6,5,5,5,,3,,,,,,,14,5,,,,,,,,,1,8,7,,10,,,6,6,101,,,,14,,,1,1,,,21,17,,,,,17,,,,,,4,,,,,,,,,,,,,,,,,,,9,1,7,5,2,1,10,,,,6,,,4,,,,1,1,,,,,,,,1,,5,,1,,,,,,6,5,6,8,5,,,,,,1,,,,,1,4,,75,6,17,,,,,,,,,,,,,,,,2,,,,,1,1,16,15,2,,,,14,,3,,,,,,,4,14,14,2,,,,3,127,,48,16,16,,1,2,2,,,,,,,6,15,2,,,,5,,,8,5,,2,5,9,,,,10,,,2,4,21,21,7,,,17,3,5,2,4,7,,,,3,4,,13,15,5,,,,,,1,1,,1,1,,1,,1,,7,,,,,,1,,87,,,3,2,3,1,,4,,,,,,,1,,,,,,,,,,,,,5,,23,45,,71,,41,8,,,1,1,,2,,3,1,17
5440571,,,,,,1,,,,,,1,,,18,,1,,,,,2,,,,12,,,,,,,,,1,,17,,,,,,,,,,,,,1,1,4,,,,1,,,,,,,,2,,2,,,4,4,12,,,,,,,,,,,,,,,,,,,,,,,,,,,,,,,,,,,,,,,,,,2,,1,,,,2,,,,1,,,,,,,1,1,,,1,,,,,,,,,,,,,,,,,,,,,,,,,,4,,,,,3,,9,3,4,,,1,,,,,,,,,,,,,2,,2,2,,,,1,6,,,,,7,,1,,,,1,2,,3,1,7,,,,4,14,7,,1,6,6,,,,,,,,,,,3,5,1,,,,,,,,,,,,1,,,,1,,,,1,,,,,,11,,,1,,1,,1,,,,,,,,,,,,,,,,,1,,,1,1,,,,,,,,,,6,,,,,,,,,,,1,,1,1,,,,,,,5,,,,,,,,,,2,,4,,5,,,,,,,,,,,1
8204530,,,,,,,,,4,,,,,,9,,,,,1,,,,,,28,,,,,,,,,,1,9,,1,,,,,,,,,,,,,2,,,,,,,,,,,,,,1,,,,,,,,,4,,,,,,,4,4,,,,,4,,,,,,,,,,,,,,,,,,,,,,,,,1,,1,,,,2,,,,,,,,,,,,,,,,,,,,,,,,,,,,2,,,,,,,,,,,,,,,,,,,,1,,,,,,,,,,,,,,,,,,,,,,,1,,2,2,,,,,2,,1,,,,,,,,2,4,,,,,7,9,,9,2,2,,,,,,,,,,,,2,,,,,,,,,,,,,,,,,,,,,,4,4,3,,,16,,1,,,,,,1,,,,,,,,,,,,,,,,,,,,,,2,1,,,,,,,,,,,,,,,,,,,,,,,6,,,,,,,,,,,,,,,4,,2,,3,,,,,,,,,1,,4
8219732,,,,,,,,,3,,,,,,75,,,1,,,,,,,,79,,,,,,,,,,,15,,,,,,,,,3,,,,,,8,,,,,,,,,,,,1,,1,,,3,8,75,,,,,,,,,,,3,3,,,,,3,,,,,,,,,,,,,,,,,,,,,,,,2,,,,1,,,4,,,,,,,,,,,,,,,,,,,,,,,,,,,,,,,,,,,,,,,,,,,,,,,,3,1,6,,2,,,,,,,,,,,,,,,,,,,,,2,8,,,,,9,,1,,,,,,,,2,12,,,,,12,43,,19,8,8,,,,,,,,1,1,1,1,8,1,,,,,,,,,,,,,,,,,,,,,3,3,,,,17,,,,,,,,,,,,,,,,,,,,,,,,,,,,,,,1,,,,,,,36,,,,,,,,,,,,,,,,17,1,,,,,,,,,,,,,,3,,4,,5,,,,,,,,,,,2
13459822,,,,,,,,3,,,,,,,19,,,,,1,,,,,,29,,,,,1,,,,,,10,,,,,,,,,,,,,,,1,3,,,,,,,,,,1,1,,1,,,,,,,,,,,,,,,,,,,,,,,,,,,,,,,,,,,,,,,,,,,,,,,1,,1,1,,,1,,,,3,,,,,,,,,,,,,,,,,,,,,,,,,,1,1,1,2,1,,,,,,1,,1,,,,,,5,,2,,,,,,,,,,,,,,,,,,,,,,,1,2,,,,,1,,,,,,,,,,1,1,,,,,1,,,,2,2,,,1,1,,,,,,,,2,,,,,,,,4,3,,19,3,,3,,,3,,,,3,,,,,,4,3,1,2,,3,,,,3,,4,4,,,,,,1,,,,,,,,,,,,,,,,,,,,,,,,,,,,,,,,,,,,,,,,,,,,,,,,,,1,3,,3,,10,,,,,,,,,,,1
17212197,,,,,,,,1,18,,,,,,36,1,,,,,,,,,,114,,,,,,,,,,3,22,,,,,,,,,3,,,,,,8,1,,,,,,,,1,3,6,2,,3,,1,1,1,8,,,,17,,,,,,,16,12,,2,1,,12,,,,2,,2,,,,,,,,,,,,,,,,,,,3,,3,1,,,3,,,,1,,,1,1,,,,,,,,,,,,,,,,,,,,1,,,,,,,,1,,,,9,,1,,,,,,45,1,11,,3,,,,,,,,,,,,,,,,,,,,,7,8,2,,,,8,,7,,,,,,,,7,8,,,,,3,31,,27,8,8,,,,,,,,,,,1,8,2,,,,,,,3,,,3,,5,,,,1,,,,1,13,13,8,,,3,1,,1,,1,,,,,,1,,,,,,,,,,,,,,,,,,,5,,,,,,,,,,,,,,,,2,,,,,,,,1,,,,,,,,,,,,,,19,21,1,64,1,28,14,1,,3,3,,,,2,,14
19457932,,,,,,,,,,,,,,,14,,,1,,,,,,,,31,,,,,,,,,,,4,,,,,,,,,,,,,,,9,,,,,,,,,,,,,,,,,1,1,,,,,,,,,,,,,,,,,,,,,,,,,,,,,,,,,,,,,,,,,,,,,,,,,,,,,,,,,,,,,,,,,,,,,,,,,,,,,,,,,,,,,,,,,,,,,,,,,,,,,,,,,,,,,,,,,,,,,,,,,,,9,,,,,9,,7,,,,,1,,,,9,,,,,,51,,48,9,9,,,,,,,,,,,,9,,,,,,,,,,,,,,,,,,,,,,,,,,,2,,,,,,,,,,,,,,,,,,,,,,,,,,,,,,,1,,,,,,,11,,,,,,,,,,,,,,,,,,,,,,,,,,,,,,,,,,,,,,,,,,,,,,
19630731,,,,,,,,2,2,,,,,,30,,,,,,,,,,,54,,,,,,,,,,,24,,,,,,,,,1,,,,,,1,2,,,,3,,1,4,,,1,2,,1,,1,2,14,,,,,,,,,,,,1,1,,1,,,1,,,,,,,,,,,,,,,,,,,,,,,,,2,,1,,,,1,,,,2,,,,,,,,,,,,,,,,,,,,,,,,,,,,,,,,,,,,5,,2,,,,1,,14,2,16,,1,,,,,,,,,,,,,,,,,,,,,1,1,,,,,1,,,,,,,,,1,1,1,,,,,,5,,,1,1,,,,,,,,,,,2,1,,,,,,,,6,2,,,,,2,,,2,,,,2,2,2,2,,,3,2,2,,,2,,,,,,2,,1,,,,,,,,,,,,,,,,,,,,,,,,,23,,,,,,,,,,,,,,,,,,,,,,,,,,,,,,3,5,,17,,12,,,1,,,,,,,,4
22866772,,,,,,,,3,17,,,,,,74,,,1,,,,,,,,160,,,,,,,,,1,3,38,,,,,,,,,,,,,,,6,3,,,,1,,,1,,,1,2,,4,,,8,14,,,,,7,,,1,,,1,16,16,,1,,,16,,,,,,5,,,,,,,,,,,,,,,,,,,5,,6,,,,4,,,,3,,,,,,,,,,,,,,,,,,,,,,,,2,,,,,,,,,,,,19,,16,,,,3,,40,5,10,,,,,,,,,,,,,,,,,,,,,,,1,5,1,,,,6,,2,,,,,,,3,2,6,,,,,,41,,33,6,6,,,,,,,,,,,5,6,1,,,,,,,1,3,,4,,1,3,2,,3,,,,3,15,15,7,,,4,3,2,1,,3,,,,3,,3,1,1,,,2,,1,,,,,,,,,,,,7,1,,,,,,,62,,,,,,,,2,,,,,,,,,,,,,,,,,,,,,,10,20,,37,,11,4,,2,,,,,,2,,15
24543161,,,,,,,,,6,7,,,,,16,,,,,,,,,,,84,,1,,1,,1,,,,1,7,,,,,,,,,,,,,,,4,,,,,,,,,,,,,,3,,,,,16,,,,6,,,,,,,6,6,,,,,6,,,,,,,,9,,,,4,2,2,2,,1,,5,13,7,1,1,,3,,3,,,1,3,,,,,,,,,,,,,,,,,,,,,,,,,,,,1,,,,,,,,,,,,,,,,,,,,6,,,,,,2,,,,,,,,,,,,,,,,,1,,3,4,,,,,4,,1,,,,,,,,3,4,,,,,2,13,,10,4,4,,,,,,,,,,,,4,,,,,,,,,,,,,3,,,,,,,,,6,6,3,2,7,1,,1,,,,,,,,,,,,,,,,,,,,,,,,,,,,2,,,,,,,,,,,,,,,,,,,,,,,3,,,,,,,,,,,9,1,,,,18,,10,,10,,,,,,,,,3,,6
28026855,,,,,,,,,,,,,,,19,,,,,,,,,,,24,,,,,,,,,,,4,,,,,,,,,,,,,,,1,,,,,,,,,,,1,,,,,,,,,,,,,,,,,,,,,,,,,,,,,,,,,,,,,,,,,,,,,,,,,,,,,,,,,,,,,,,,,,,,,,,,,,,,,,,,,,,,,,,,,,,,,,,,,,,,,,,,14,,,,,,,,,,,,,,,,,,,,,,,,,,1,1,,,,1,,1,,,,,,,,,1,,,,,1,,,,1,1,,,,,,,,,,,,1,1,,,,,,,,,,,,,,,,,,,,,,,,,,3,,,,,,,,,,,,,,,,,,,,,,,,,,,,,,,,,,,,,,12,,,,,,,,,,,,,,,,,,,,,,,,,,,,,,7,,,15,,1,2,,1,,,,,,,,
30185171,,,,,,,,,9,,,,,,58,,,,,,,,,,,75,,,,,,,,,,,19,,,,,,,,,,,,,,,1,,,,,,,,,,,2,,,,,,2,2,43,,,,6,,1,,,,,8,7,,1,,,7,,,1,,,2,,,,,,,,,,,,,,,,,,,1,,,,,,,,,,,,,,,,,,,,,,,,,,,,,,,,,,,,3,2,3,4,2,1,,,,,4,,2,,,,,,18,1,2,,,,,,,,,,,,,,,,,,,,1,,,1,1,1,,,,1,,,,,,,,,,1,2,,,,,1,27,,14,1,1,,,,,,,,,,,1,1,2,,,,,,,,,,,,1,,,,,,,,,9,9,5,,,1,,,,,,,,,,1,,,,,,,1,,,,,,,,,,,,,3,,,,,,,,,,,,,,,,1,,,,,,,,,,,,,,,,,,,,,,9,9,,20,,5,1,,1,,,,,,,,7
30604337,,,,,,,,11,1,,,,,1,96,1,,,,,,,,,,148,,,,,,,1,,,1,25,,,,,,,,,,,,31,,,7,8,2,1,,,,,,,,2,2,,3,,,4,6,77,,,,1,,1,,,,,1,1,,,,,1,,,,,,,,,,,,,,,,,,,,,,,,,3,1,3,,,,3,,,,9,2,,,,,,,,,,,,,,,,,,,,,,,,,,,,,,,,,,,11,,7,3,,,,,45,1,6,,,,,,,,,,,,,,,,,,,,,,,6,9,1,,,,7,,,,,,,,,,6,7,,,,,1,8,,7,9,9,,,,,,,,,,,1,7,1,,,1,,1,1,14,11,,6,8,1,7,4,1,6,,,,10,1,1,1,,,12,10,9,2,1,11,,,,5,1,12,1,1,3,,,,1,,,,,,,,,,,,2,,,,,,,,57,,,,,,,,3,,,,,,,1,37,,,,,,,,,,,,,,10,15,,35,,14,4,,1,,,,1,,1,,9
31664330,,9,,,,,,,14,6,,,,,,,1,,,,,,,,,189,,,,,,,,,6,3,31,,,4,,,,,8,2,,,,,,2,,,,,,,,,,,1,,,,,,3,134,46,,,,14,,1,1,1,1,,14,14,,,,,14,,,,,,3,,6,4,1,,,,,,,,,3,11,6,2,1,,,,,,,,,,,,,,,,,,,,,,,,,,,5,,,1,,,,,,2,,,,,,,,,,,,6,,5,,,,,,7,4,132,,2,,2,,,,,,,,,,,,,,,,,1,,2,2,1,,,,2,,1,,,,,,,,2,17,,,,,15,33,,26,2,2,,,,,,,,,,,4,2,1,,,,,,,1,,,,,1,,,,,,,,,14,14,5,,6,2,,1,,,,,,,1,1,,1,2,,,,1,,,,,,,,,,,,,5,,,,,,,,39,,,,,,,,,,,,,,,1,,,,,,,4,1,2,,8,,,,3,23,,7,,3,,,2,,,,,,,,7
35558132,,,,,,,,11,,,,,,,,,,,,,,,,,,65,,,,,,,1,,,,13,,1,,,,,,,3,,,,,,4,11,,,,,,,,,,,1,,1,,,2,2,,,,,,,,,,,,,,,,,,,,,,,,,,,,,,,,,,,,,,,,,,,1,,1,,,,1,,,,11,,,,,,,,,,,,,,,,,,,,,,,,,,,,,,,,,,,,4,,,,,,,,16,,,,3,,,,,,,,,,,,,,,,,,,,,4,5,,,,,6,,3,,,,,,,,4,7,,,,,1,1,,1,5,5,,,,,,,,,,,,5,1,,,,,,,12,15,,,11,,5,,,6,,,,10,,,,,,12,10,9,2,,11,,,,,,,,,,,,,,,,,,,,,,,,,1,,,,,,,,,,,5,2,,,,,,,,,,,1,,,,,,,,,,,,,,,,12,,4,,2,,,,,,,1,,,,9
36811931,,,,,,,,1,,,,,,,4,,,,,,,,,,,10,,,,,,,,,,,4,,,,,,,,,,,,,,,1,1,,,,1,2,2,1,,,1,1,,1,,,,,,,,1,,,,,,,,,,,,,,,,,,,,,,,,,,,,,,,,,,,,,,,,,,,,,1,,,,,1,,,,,,,,,,,,,,,,,,,,,,,,,,,,,,,,,,,,,,,1,1,,,13,,,,,,,,,,,,,,,,,,,,,,,,,1,1,,,,,1,,1,,,,,,,,1,1,,,,,,,,,1,1,,,,,,,,,,,,1,1,,,,,,,1,4,,,1,,4,,,1,,,,,,,,,,2,,,1,,1,,,,,,,,,,,,,,,,,,,,,,,,,,,,,,,,,5,,,,,,1,,,,,,,,,,3,,,,,,,,,,,,,,6,1,,13,,2,,,,,,,,,,,
40712130,,,,,,,,4,19,1,,,,,219,1,1,1,,,,,,,16,335,,,,,,,,,,1,35,,,,,,,,,,,,,,,15,4,,,1,,,,,2,,4,4,,9,,,12,20,185,,,,7,,1,,,,,17,16,1,1,,,16,,,,1,,2,,1,,,,,,,,,,,,,1,,1,,7,,6,4,1,,9,,,,2,2,,,,,,,,,,,,,,,1,,,,,,,,3,,,,,,,,,,,,7,,3,,,,8,,52,6,27,,,,,,,,,,,,,,,,,,,,,3,,11,19,1,,,1,17,1,2,,,,1,1,,9,10,17,,,,,,87,,48,18,18,,,,,,,,,,,6,17,1,,,,,,,5,6,,,2,8,5,,,4,,,,4,19,19,9,,1,6,4,5,2,,4,,,,1,1,,,1,,,,,,,,,,,,,,,,,8,1,,,,,,,128,,,,,,,4,9,1,1,,,,,,6,,,,,,,,,,,,,,19,28,2,58,,27,11,6,3,,,,,,5,,15
40916062,,,,,,,,1,2,1,,,,,18,,,,,,,,,,,30,,,,,,,,,,,8,,,,,,,,,1,,,,,,2,1,,,,,,,,,,,,,,,,,,18,,,,2,,,,,,,2,2,,,,,2,,,,,,,,1,,,,,,,,,,,1,5,1,,,,2,,1,,,,1,,,,1,,,,,,,,,,,,,,,,,,,,,,,,,,,,,,,,,,,,,,,,,,,,5,,,,,,,,,,,,,,,,,,,,,,,,,2,2,1,,,,2,,2,,,,,,,,2,2,,,,,1,2,1,,2,2,,,,,,,,,,,,2,,,,,,,,2,5,,,1,,5,,,1,,,,1,,,,,1,2,1,1,,,1,,,,,,,,,,,,,,,,,,,,,,,,,,,,,,,,,13,,,,,,,,,,,,,,,,,1,,,,,,,,,5,,,,1,4,,4,,3,,,,,,,,,,,1
41052772,,,,,,,,,30,,,,,,169,,,,,,,,,,,264,,,,,,,,,,6,44,,,,,,,,,27,,,,,,8,,,,,,1,2,,,,4,1,,,,1,20,37,,,,,14,,2,2,1,,,29,26,,1,,,26,,1,1,,,11,,,,,,,,,,,,,,,,,,,2,3,,,,,,,,,,,,,,,,,,,,,,,,,,,,,,,,,5,,1,1,1,3,1,,,,,,17,,13,,,,,,28,4,60,,27,,,,,,,,,,,,,,,,,,3,2,,7,9,1,,,,8,,5,,,,,,,,7,8,,,,,,106,,76,9,9,,,,,,,,,,,4,9,2,,,,,,,,,,,,3,,,,,,,,,30,30,14,,,1,,2,,,,,,,,,,,5,,,,,,,,,,,,,,,,,12,,,,,,,,102,,,,,,,1,3,1,1,,,,,1,,,,,,,,,,,,,,,20,30,,67,,63,1,,1,,,,,,,,24
41935132,,,,,,,,,,,,,,,1,,,,,,,,,,,2,,,,,,,,,,,4,,,,,,,,,,,,,,,,,,,,,2,,,,,,,,,,,,,,,,,,,,,,,,,,,,,,,,,,,,,,,,,,,,,,,,,,,,,,,,,,,,,,,,,,,,,,,,,,,,,,,,,,,,,,,,,,,,,,,,,,,,,,,,,,,,,,,,,,,,,,,,,,,,,,,,,,,,,,,1,,,,,1,,,,,,,,,,,1,,,,,2,,,,1,1,,,,,,,,,,,,1,,,,,,,,,,,,,,,,,,,,,,,,,,,,,,,,,,,,,,,,,,,,,,,,,,,,,,,,,,,,,,,,,1,,,,,,,,,,,,,,,,,,,,,,,,,,,,,,,,,,,,,,,,,,,,,,
44452649,,,,,,,,,20,,,,,,65,,,1,,,,,,,,156,,,,,,,,,,3,21,,,,,,,,,5,,,,,,6,,,,,,,,,,,1,1,,,,1,1,1,,,,,15,,,2,,,,19,18,,1,,,18,,,,,,11,,,,,,,,,,,,,,,,,,,,,,,,,,,,,,,,,,,,,,,,,,,,,,,,,,,,,5,,,,,1,,,,,,,9,,7,,,,,1,26,1,3,,4,,1,,,,,,,,,,,,,,,,,5,,5,6,1,,,,6,,1,,,,,1,,1,5,6,,,,,,41,,30,6,6,,,,,,,,,,,1,6,1,,,,,,,,,,,,1,,,,,,,,,20,20,7,,,1,,5,,,,,,,,,,,1,,,,,,,,,,,,,,,,,6,,,,,,,,59,,,,,,,1,3,,,,,,,,,,,,,,,,,,,,,,7,20,,24,,7,1,,1,,,,,,,,14
48173597,,,,,,,,,,,,,,1,20,,,,,,,,,,,18,,,,,,,,,,,4,,,,,,,,,,,,,,,1,,,,,,,,,,,2,,,,,,,,,,,1,,,,,,,,,,,,,,,,,,,,,,,,,,,,,,,,,,,,,,,,,1,,,,,,,,,,,,,,,,,,,,,,,,,,,,,,,,,,,,,,,,,,,,,,,,,,,,13,,1,,,,,,,,,,,,,,,,,,,,3,,,,1,1,,,,1,,,,,,,,,,,1,1,,,,,1,,1,2,2,,,,,,,,,,,,2,1,,,,,,,,,,,,,,,,1,,,,,,,,,,1,,,,1,,,,,,,,,,,,,,,,,,,,,,,,,,,,,,,,,,,,,,,,,,2,,,,,,,,,,,,,,,,,,,,,,6,2,,14,,7,,,1,,,,1,,,,1
49045930,,,,,,,,,,,,,,,18,,,1,,,,,,,,14,,,,,,,,,1,,11,,,,,,,,,,,,,,,1,,,,,,,1,,,,2,1,,1,,,1,1,,,,,,,,,,,,,,,,,,,,,,,,,,,,,,,,,,,,,,,,,,,,,,,,,1,,,,,,,,,,,,,,,,,,,,,,,,,,,,,,,,,,,,,,,,,,,,,,,,19,11,2,,,,,,,,,,,,,,,,,,,,,,,,1,,,,,1,,,,,,,,,,,1,,,,,,1,,1,1,1,,,,,,,,,,,11,1,1,,,,,,,,,,,,,,,,,,,,,,,,,,2,,,,,,,,1,,,,,,,,,,,,,,,,,,,,,,,,,,,,,,7,,,,,,,,5,1,1,,,,,,,,,,,,,,,,,,,,22,,,22,,4,2,,1,,,,,,,,
50822197,,,,,,,,,,,,,,,,,,,,,,,,,,12,,,,,,,,,,,4,,,,,,,,,,,,,,,11,,,,,,1,,,,,,,,,,,,,18,,,,,,,,,,,,,,,,,,,,,,,,,,,,,,,,,,,,,,,,,,,,,,,,,,,,,,,,,,,,,,,,,,,,,,,,,,,,,,,,,,,,,,,,,,,,,,,,1,,,,,,,,,,,,,,,,,,,,,,,,,,7,,,,,10,,,,,,,,,,,10,,,,3,,1,,1,7,7,,,,,,,,,,,,2,1,,,,,,,,,,,,,,,,,,,,,,,,,,1,,,,,,,,,,,,,,,,,,,,,,,,,,,,,,,,,,,,,,,,,,,,,,,,,,,,,,,,,,,,,,,,,,,,,,,1,,,,,,,,,,,,,
54056532,,,,,,,,8,6,2,,,1,,96,,,,,,,,,,,158,,,,,,,,,,1,31,,,,,,,,,4,,,,,,12,5,1,2,,,,,,,,2,,,,,,2,2,96,,,,3,1,,,,,,5,5,,1,,,5,,,,,,2,,2,1,1,,1,,,,,,,1,5,1,,1,,,3,1,,,,,,,,6,3,,,,,,1,1,,,,,,,,,,,,,,,,1,,1,,1,2,,,,,23,,17,,11,,,,2,,19,9,,,4,,7,,,,,,,,,,,,2,,,,,,,10,12,1,,,,12,,1,,,,,,,2,10,12,,,,,4,13,,10,12,12,,,,,,,,,,,9,12,,,,,,,1,22,3,,19,1,3,3,1,1,6,,,,7,6,6,3,,2,10,7,8,3,,9,,,,6,1,6,3,1,,,,,2,,1,1,,1,1,,1,,1,,1,,,,,,,,65,,,,,,,,,,,,,,,,5,,,,,,3,1,,,5,,,,12,18,,13,,10,,,,,,,,3,,,11
54078862,,,,,,,,1,4,,,,,,38,,,,,,,,,,,56,,,,,,,,,,,17,,,,,,,,,,,,,,,4,1,,,,,,,,,,2,,,,,,1,1,25,,,,4,,,,,,,4,4,,,,,4,,,,,,,,,,,,,,,,,,,,,,,,,,,,,,,,,,,1,,,2,1,,,,,,,,,,,,,,,,,,,,,,,,,,,,,,2,,,,,,,,,,29,1,3,,,,,,,,,,,,,,,,,,,,,,,2,5,1,,,,4,,,,,,,,,,2,4,,,,,,2,,2,5,5,,,,,,,,,,,1,5,1,,,,,,,1,1,,,1,,,,,1,,,,1,2,2,1,,,4,1,1,,,1,,,,,,,,,,,,,,,,,,,,,,,,,,,,,,,,,25,,,,,,,,1,,,,,,,,1,,,,,,,,,,,,,,11,5,,48,,18,17,,1,,,,,,,,3
64040462,,,,,,,,,5,,,,,,40,,,,,,,,,,,70,,,,,,,,,,,8,,,,,,,,,1,,,,,,3,,,,,,,,,,,4,,,1,,,1,1,28,,,,5,,,,,,,5,5,,,,,5,,,,,,,,,,,,,,,,,,,,,,,,,1,,1,,,,1,,,,,,,,,,,,,,,,,1,1,,,,,,,,,,1,,,,,,,1,,,,,,,,,,,,,20,,2,,1,,,,,,,,,,,,,,,,,,4,1,,4,4,1,,,,3,,2,,,,,,,,4,3,,,,,,16,,15,4,4,,,,,,,,,,,,4,3,,,,,,,,,,,,,,,,,,,,,5,5,1,,,1,,1,,,,,,,,,,1,,,,,,,,,,,,,,,,,,1,,,,,,,,29,,,,,,,,8,1,1,,,,,,,,,,,,,,,,,,,,13,6,,27,,10,3,,1,,,,,,1,,2
65350331,,,,,,,,,1,2,,,,1,35,,1,1,,,,,,,,104,,,,,,,,,2,,4,,,,,,,,14,1,,,,,,2,,,,,,,,,,3,7,,,,,,,,,,,,1,,,,,,,1,1,,,,,1,,,,,,,,2,,,,,,,,,,,1,1,2,1,,,,,1,,,,,,,,,,,,,,,,,,,,,,,1,,,2,,1,,,,,,,,,,,,,,,,,,,,,,,,20,,1,,1,,1,,,,,,,,,,,,,,,,1,,,2,2,1,,,,2,,1,,,,,,,,2,2,,,,,,60,,26,2,2,,,,,,,,,,,,2,1,,,,,,,,,,,,3,,,,1,,,,,1,1,1,,2,4,,,,1,,,,,1,1,,1,,,,,3,,,,,,,,,,,,,1,,,,,,,,24,,,,,,,,2,,,,,,,,,,,,,,,,,,,,,,11,10,,22,,6,1,,1,3,3,,1,1,,,1
68310761,,,,,,,,,,,,,,,26,,,,,,,,,,,32,,,,,,,,,1,,10,,,,,,,,,2,,,,,,1,,,,,,,,,,,4,1,,1,,1,1,4,23,,,,,,,,,,,,,,,,,,,,,,,1,,,,,,,,,,,,,,,,,,,1,,,,,,1,,,,,,,,,,,,,,,,,,,,,,,,,,,,,,,,,3,,,,,,,,,,,,,,,20,,9,,2,,,,,,,,,,,,,,,,,,4,,,,,1,,,,1,,,,,,,,,,1,1,,,,,2,6,,3,1,1,,,,,,,,,,,,1,4,,,,,,,,,,,,,,,,,,,,,,,,,,,,,,,,,,,1,,,,1,,,,,,,,,,,,,,,,,,,,,,,1,,16,,,,,,,,7,,,,,,,,,,,,,,,,,,,,,,10,,,25,,12,1,,1,,,,1,,1,,
71044330,,,,,,,,,,,,1,,,4,,,,,1,,,,,,17,,,,,,,,,,,4,,,,,,,,,,,,,,,1,,,,,,,,,,,2,1,,1,,,,,,,,,,,,,,,,,,,,,,,,,,,,,,,,,,,,,,,,,,,,,,,1,,1,,,,1,,,,1,,,,,,,1,1,,,,,,,,,,,,,,,,,,,,,,,,,,,,,,,,,,,,5,,2,,,,,,,,,,,,,,,,2,,,,,,,1,1,1,,,,1,,,,,,,,,,1,1,,,,,,1,,,1,1,,,,,,,,,,,,1,,,,,,,,,,,,,1,,,,1,,,,1,,,,,,1,,1,,,1,,,,,,,,,,,,,,,1,,,1,1,,,,1,,,,,,,,,,,,,,,,,,,,,,,,,,1,,,,,,,,,,,,,,5,1,,13,,14,,,,,,,,,,,1
71816937,,,,,,,,5,,7,,,,,26,,4,,,,,,,,,58,,1,,1,,1,,,,1,12,,,,,,,,,,,,,,,7,5,,,,,,,,,3,4,1,,1,,,2,2,,,,,,,,,,,,,,,,,,,,,,,,,,7,,,,2,,,,,,,6,8,7,1,,,1,,2,,,,1,,,,5,,,,,,,,,,,,,,,,,,,,,,,,,,,,,,,,,,,,4,,2,,,,,,24,,,,,,2,,,,,,,,,,,,,,,,,,,6,8,,,,,7,1,5,,,,,,,,6,7,,,,,,1,,1,8,8,,,,,,,,,,,,7,1,,,,,,1,5,8,,,5,3,4,,,5,,,,4,,,,,7,6,4,3,2,,5,,,,,,,,,,,,,,,,,,,,,,,,,1,,,,,,,,15,,,,,,,,3,,,,,,,3,1,,1,,,,,,,,3,1,,,11,16,,28,,14,,,,3,3,,,,,,4
71865997,,,,,,,,,,,,,,,13,,,,,,,,,,,18,,,,,,,,,,,4,,,,,,,,,,,,,,,2,,,,,,,,,,,1,,,,,,,,13,,,,,,,,,,,,,,,,,,,,,,,,,,,,,,,,,,,,,,,,,,,,,,,,,,,,,,,,,,,,,,,,,,,,,,,,,,,,,,,,,,,,,,,,,,,,,,,,10,,,,,,,,,,,,,,,,,,,,,,,,,,2,1,,,,2,,,,,,,,,,,2,2,,,,,,,,4,4,,,,,,,,,,,,4,1,,,,,,,,,,,,,,,,,,,,,,,,,,1,,,,,,,,,,,,,,,,,,,,,,,,,,,,,,,,,,,,,,9,,,,,,,,,,,,,,,,,,,,,,,,,,,,,,5,,,9,,1,1,,1,,,,1,,,1,
77512330,,54,18,,,,,,,6,,,,,119,,,,,,,,,,,160,,4,1,4,,4,,,,2,29,,,,,,,,,1,,,,,,3,,,,,,,,,,,2,,,1,,,15,24,,,,,,,,,,,,,,,,,,,,,,,,2,1,6,20,6,2,6,,,,,,,3,12,6,1,2,,2,,,1,1,,1,,,,,,,1,,,,,,,,,,,,,1,1,2,2,2,,,,1,,,,,,,,,,,,3,,,,,,,,28,54,111,,1,,2,,,,,,,,,,,,,,,,1,,,7,9,1,,,,3,,1,,,,,,,2,7,3,,,,,,32,,13,9,9,,,,,,,,,,,54,9,1,,,,,,,,,,,,8,,,,,,,,,,,,,6,,,,,,,,,,5,,,5,,,,,,1,,,,,,,,,,,,2,,,2,,,,,65,,,,,,,1,,,,,,,,9,,,,,1,,22,7,6,,9,3,,,14,13,,26,,7,2,,1,,,,2,,1,,
80843537,,,,,,,,,11,,,,,,355,,,,,,,,,,,297,,,,,,,,,3,3,30,,,,,,,,,62,,,,,,4,,,,,,,,,,,1,,,2,,,32,28,,,,,11,,2,1,,,,8,8,1,2,1,,8,,,,5,,8,,,,,,,,,,,,,,,,,,,2,,3,,,,2,,,19,,,,,,,,,,,,,,,,,,,,,,,,,2,,,,,,,,,,,,13,,9,,,,,,18,35,60,,62,,1,,,,,,,,,,,,,,,,6,,,3,4,1,,,,4,,1,,29,,,,19,29,3,4,,,,,,29,,11,4,4,,,,,,,,,,,35,4,1,,,,,,,,,,,,3,,,,,,,,,10,10,5,,,4,,,,,,,,,,,,,4,,,,,,,,,,,,,,,,,3,,,,,,,,138,,,,,,,1,2,,,,,,,,,,,,1,,,,,,,,,,10,11,,17,,10,,,,,,,,,2,,10
88468132,,,,,,,,1,,,,,,,67,,,,,,,,,,,86,,,,,,,,,,,15,,,,,,,,,1,,,,,,3,1,,,,,,,,,,4,,,,,,3,78,,,,,,,,,,,,,,,,,,,,,,,,1,,,,,,,,,,,,,,,,,,,,,1,,,,1,,,,1,,,11,3,,,,,,,,,,,,,,,,,,,,,,5,5,5,6,5,,,,,,2,,,,,,,,57,60,146,,1,,,,,,,,,,,,,,,,,,3,,,2,3,1,,,,3,,,,,,11,11,,,2,4,,,1,,1,11,,2,3,3,,,,,,,,,,,60,3,1,,,,,,,,1,,,,,1,,,1,,,,1,,,,,,1,1,,1,,1,,,,2,,3,2,1,,,3,,2,2,,,,,,,,,,,,,,,,,,1,42,,,,,,,11,6,,,,,,,,,,,,1,,,,,,,,,,25,1,,94,,33,39,,,,,,,,,,1
94842049,,,,,,,,,,2,,,,,3,,2,,,,,,,,,11,,,,,,,,,,,7,,,,,,,,,,,,,,,1,,,,,,,,,,,1,,,,,,1,1,3,,,,,,,,,,,,,,,,,,,,,,,,,2,,,,,,,,,,,1,1,2,,1,,,,,,,,,,,,,,,,,,,,,,,,,,,,,,,,,,,,,,,,,,,,,,,,2,,2,,,,,,7,1,3,,,,,,,,,,,,,,,,,,,,,,,1,1,,,,,1,,,,,,,,,,1,1,,,,,,1,,1,1,1,,,,,,,,,,,1,1,2,,,,,,,,,,,,1,,,,,,,,,,,,,2,,,,,,,,,,,,,,,,,,,,,,,,,,,,,,,1,,,,,,,,3,,,,,,,,,,,,,,,,,,,,1,,,,,,,,,,5,2,,10,,2,1,,,,,,,,,,
102091207,,,,,,,,,,,,1,1,,,,2,,,,,,,1,,22,,,,,,,,,,,8,,,,,,,,,,,,,,,2,,,,,,,,,,,3,3,,3,,,1,1,9,,,,,,,,,,,,,,,,,,,,,,,,,,,,,,,,,,,,,,,,,,3,,2,3,,,3,,,,2,,,,,,,2,2,,,,,,,,,,,,,,,,,,,,,,,1,,,,,,,,,,,,,26,,29,,,,,,,,,,,,,,,,4,,,,,,,2,2,1,,,,2,,,,,,,,,,2,2,,,,,,2,,,2,2,,,,,,,,,,,,2,2,,,,,,,,,,,,1,,,,2,,,,2,,,,,,1,,2,,,2,,,,,,,,,,,,,,,2,1,,2,2,,1,,2,,,,,,,,,,,,,1,,,,,2,,,,,,,,,,,,,,,,,,,,,,12,3,,51,,53,,,1,,,,,,,,2
105777849,,,,,,,,3,,,,,,,3,,,,,,,,,,,10,,,,,,,,,,,8,,,,,,,,,,,,,,,1,3,,,,,,,,,,,,,,,,1,1,3,,,,,,,,,,,,,,,,,,,,,,,,,,,,,,,,,,,,,,,,,,,,,,,,,,,,2,,,,,,,,,,,,,,,,,,,,,,,,,,,,,,,,,,,,,,,,,,,,2,,,,,,,,,,,,,,,,,,,,,,,,,,,,,,,1,,,,,,,,,,1,1,,,,,,,,,1,1,,,,,,,,,,,,1,,,,,,,,3,7,,,3,,5,,,2,,,,2,,,,,,3,2,1,1,,2,,,,,,,,,,,,,,,,,,,,,,,,,,,,,,,,,,,,,,,,,,,,,,,,,,,,,,,,,,,,,,,,3,,,,,,,,,,,,,,,2
108598197,,,,,,,,,,1,,,,1,8,,,,,,,,,,,31,,1,,1,,1,,,,,4,,,,,,,,,,,,,,,1,,,,,,,,,,,1,1,,1,,,,,,,,1,,,,,,,,,,,,,,,,,,,,,,1,,,,2,,,,,,,1,1,1,,,,1,,1,1,,,1,,,,,,,,,,,,,,,,,,,,,,,,,,,,,,1,1,1,2,1,,,,,,,,,,,,,,9,,5,,,,,,,,,,,,,,,,,,,,,,,2,2,1,,,,1,,,,,,,,,,2,1,,,,,,1,,1,2,2,,,,,,,,,,,,2,,,,,,,,,,,,,,,,,1,,,,,,,,,1,,,,,1,,,,,,,,,,,,,,,,,,,,,,,,,,,,,,,,,,,,,,,,,,,,,,,,,3,,,,,,,,,,,,1,,,1,3,,11,,13,,,,,,,1,,,,1
115192537,,,,,,,,,2,,,,,2,6,,,,,,,,,,,19,,,,,,,,,,,8,,,,,,,,,,,,,,,1,,,,,,,,,,,,,,,,,,,,,,,2,,,,,,,2,1,,,,,1,,,,,,,,,,,,,,,,,,,,,,,,,,,,,,,,,,,,,,,,,,,,,,,,,,,,,,,,,,,,,,,,,,,,,,,,,,,,,,,3,,2,,,,,,,,,,,,,,,,,,,,,1,,1,2,,,,,2,,,,,,,,,,1,2,,,,,,2,,2,2,2,,,,,,,,,,,,2,,,,,,,,,,,,,1,,,,2,,,,,2,2,,,,,,1,,2,,,,,,,,,,,,,,,,,,,,,,,,,,,,,,,,,,5,,,,,,,,,,,,,,,,,,,,,,,,,,,,,,,4,,2,,,,,,,,,1,,,,2
128296422,,,,,,,,,1,,,,,,20,,,,,,,,,,,19,,,,,,,,,,,10,,,,,,,,,,,,,,,1,,,,,,,,,,,2,,,,,,,,,,,,1,,,,,,,1,1,,,,,1,,,,,,,,,,,,,,,,,,,,,,,,,1,,1,,,,,,,,,,,,,,,,,,,,,,,,,,,,,,,,1,,,,,,,1,,,,,,,,,,,1,,11,,1,,,,,,,,,,,,,,,,,,,,3,1,,1,1,1,,,,1,,,,,,,,,1,1,1,,,,,,3,,3,1,1,,,,,,,,,,,,1,2,,,,,,,,,,,,,,,,,,,,,1,1,1,,,,,1,,,,,,,,,,,,,,,,,,,,,,,,,,,,1,,,,,,,,8,,,,,,,,3,,,,,,,,,,,,,,,,,,,,,,9,1,,12,,3,,,1,,,,,,,,1
129837132,,,,,,,,,,,,2,,,,,2,,,,,,,,,12,,,,,,,,,,,7,,,,,,,,,,,,,,,1,,,,,,,,,,,,1,,1,,,,,3,,,,,,,,,,,,,,,,,,,,,,,,,,,,,,,,,,,,,,,,,,,,2,,,,1,,,,2,,,,,,,2,2,,,,,,,,,,,,,,,,,,,,,,,,,,,,,,,,,,,,2,,,,,,,,,,,,,,,,,,4,,,,,,,1,2,,,,,1,,1,,,,,,,,1,1,,,,,,2,,,2,2,,,,,,,,,,,,2,,,,,,,,,,,,,,,,,2,,,,2,,,,,,,,1,1,,2,,,,,,,,,,,,,,,2,2,,2,2,,2,,2,,,,,,,,,,,,,,,,,,,,,,,,,,,,,,,,,,,,,,,,,2,,2,,4,,,1,,,,,,,,2
139586132,,,,,,,,,,6,,,,,6,,,,,,,,,,,21,,3,,3,,3,,,,,4,,,,,,,,,,,,,,,3,,,,,,,,,,,,,1,,,,,,6,,,,,,,,,,,,,,,,,,,,,,,,,6,2,,1,6,,,,,,,5,10,6,1,,,,,,,,,,,,,,,,,,,,,,,,,,,,,,,,,,,,,,,,,,,,,,,,,1,,,,,,,,1,,,,,,1,,,,,,,,,,,,,,,,,,,3,3,,,,,3,,2,,,,,,,,3,3,,,,,,,,,3,3,,,,,,,,,,,,3,,,,,,,,,,,,,1,,,,,,,,,,,,,6,,,,,,,,,,,,,,,,,,,,,,,,,,,,,,,,,,,,,,,,,,,,,1,,,,,,,,,9,2,,,,,,2,,,,5,3,,,,7,,4,,3,,,,,,,,,,,
154684732,,,,,,,,,,,,1,,,,,1,,,,,,,,,7,,,,,,,,,,,7,,,,,,,,,,,,,,,2,,,,,,,,,,,,,,,,,1,1,,,,,,,,,,,,,,,,,,,,,,,,,,,,,,,,,,,,,,,,,,,,,,,,,,,,,1,,,,,,,1,1,,,,,,,,,,,,,,,,,,,,,,,,,,,,,,,,,,1,,1,,,,,,,,,,,,,,,,,,2,,,,,,,1,2,,,,,2,,1,,,,,,,1,1,2,,,,,,2,,1,2,2,,,,,,,,,,,,2,,,,,,,,,,,,,1,,,,1,,,,1,,,,,,,,,1,,1,,,,,,,,,,,,,,,1,,,1,1,,,,1,,,,,,,,,,2,,,,,,,,,,,,,,,,,,,,,,,,,,,,,,,2,,,,,,,,,,,,,,,1
159099931,,,,,,,,,,10,,,,,2,,,,,1,,,,,,29,,,,,,,,,,,4,,,,,,,,,,,,,,,2,,,,,,,,,,,,,,,,,,,2,,,,,,,,,,,,,,,,,,,,,,,,,10,,,,,,,,,,,9,23,10,1,,,,,,,,,,,,,,,,,,,,,,,,,,,,,,,,,,,,,,,,,,,,,,,,,1,,1,,,,,,3,,,,,,3,,,,,,,,,,,,,,,,,,,1,2,,,,,2,,2,,,,,,,,1,2,,,,,,1,,1,2,2,2,,,,,,,,,,,2,,,,,,,,,,,,,1,,,,,,,,,,,,,10,,,,,,,,,,,,,,,,,,,,,,,,,,,,,,,1,,,,,,,,,,,,,,,,,,,,,,,,,,,,,,,,,,17,,,,,10,,7,,6,,,,,,,,,,,
171527531,,,,,,,,,,,,,,,17,,,,,,,,,,,24,,,,,,,,,,,4,,,,,,,,,,,,,,,1,,,,,,,,,,,1,,,,,,,,,,,,,,,,,,,,,,,,,,,,,,,,,,,,,,,,,,,,,,,,,,,,,,,,,,,,,,,,,,,,,,,,,,,,,,,,,,,,,,,,,,,,,,,,,,,,,,,,13,,,,,,,,,,,,,,,,,,,,,,,,,,1,1,,,,1,,,,,,,,,,,1,,,,,,,,,1,1,,,,,,,,,,,,1,1,,,,,,,,,,,,,,,,,,,,,,,,,,1,,,,,,,,,,,,,,,,,,,,,,,,,,,,,,,,,,,,,,12,,,,,,,,,,,,,,,,,,,,,,,,,,,,,,7,,,13,,,3,,1,,,,1,,,,
172533137,,,,,,1,,,4,,,3,,,35,,,,,,,,,,,82,,,,,,,,,,,13,,1,,,,,1,,1,,,,,,2,,,,,,,,,,,,2,,4,,,2,3,,,,,4,,,,,,,3,3,,1,,,3,,,,,,1,,,,,,,,,,,,,,,,,,,4,,6,,,,4,,,,3,,,,,,3,3,,,10,2,,,,,,,,,,,,,,,,,,,,,,,,,,,,,,,,,14,,1,,1,1,,,,,,,,,,,,,6,,,,,4,,2,2,1,,,,2,,,,,,,,,,2,2,,,,,,7,,4,2,2,,,,,,,,,,,,2,,,,,,,,,,,,,1,,,,3,,,,1,4,4,4,,,,,7,,,3,,1,,1,,,1,,,,,,1,,2,3,1,2,3,1,3,,3,,,,1,,,,,,,,,,,,,,,,,1,,1,1,,,,,,,,,,,,,,,,,8,,9,,7,,,,,,,,1,2,,4
192943219,,,,,,,,,,,,,,,4,,,,,,,,,,,6,,,,,,,,,,,4,,,,,,,,,,,,,,,1,,,,,,,,,,,1,,,,,,1,1,4,,,,,,,,,,,,,,,,,,,,,,,,,,,,,,,,,,,,,,,,,,,,,,,,,,,,,,,,,,,,,,,,,,,,,,,,,,,,,,,,,,,,,,,,,,,,,,,,7,,,,,,,,,,,,,,,,,,,,,,,,,,1,1,,,,1,,,,,,,,,,,1,,,,,,,,,1,1,,,,,,,,,,,,1,1,,,,,,,,,,,,,,,,,,,,,,,,,,,,,,,,,,,,,,,,,,,,,,,,,,,,,,,,,,,,,,,,3,,,,,,,,,,,,,,,,,,,,,,,,,,,,,,3,,,6,,,1,,1,,,,,,,,
205418330,,,,,,,,,,,,,,,9,,,,,,,,,,,16,,,,,,,,,,,7,,,,,,,,,,,,,,,1,,,,,2,2,2,2,,,6,,,,,,1,1,9,,,,,,,,,,,,,,,,,,,,,,,,,,,,,,,,,,,,,,,,,,,,,,,,,,,,,,,,,,,,,,,,,,,,,,,,,,,,,,1,1,1,2,1,,,,,,,,,,,,1,,18,,10,,,,,,,,,,,,,,,,,,,,,,,,1,1,,,,1,,1,,,,,,,1,,1,,,,,,,,,1,1,,,,,,,,,,,,1,1,,,,,,,,,,,,,,,,,,,,,,,,,,,,,,,,,,,,,,,,,,,,,,,,,,,,,,,,,,,,,,,,8,,,,,,,,,,,,,,,,,,,,,,,,,,,,,,10,,4,28,,18,,,,,,,,,,,
222138132,,,,,,,,,,,,,,,14,,,,,,,,,,,20,,,,,,,,,1,,4,,,,,,,,,,,,,,,2,,,,,,,,,,,2,,,,,,,,,,,,,,,,,,,,,,,,,,,,,,,,,,,,,,,,,,,,,,,,,,,,,,,,,,,,,,,,,,,,,,,,,,,,,,,,,,,,,,,,,,,,,,,,,,,,,,,,14,,,,,,,,,,,,,,,,,,,,,,,,,,2,1,,,,2,,,,,,,,,,,2,,,,,,2,,2,2,2,,,1,1,,,,,,,,2,1,,,,,,,,,,,,,,,,,,,,,,,,,,,,,,,,,,,,,,,,,,,,,,,,,,,,,,,,,,,,,,,,10,,,,,,,,,,,,,,,,,,,,,,,,,,,,,,10,,,15,,1,2,,1,,,,,,,,
222476371,,,,,,,,,,,,,,,22,,,,,,,,,,,34,,,,,,,,,,,10,,1,,,,,,,,,,,,,1,,,,,,,,,,,1,1,,2,,,1,1,22,,,,,,,,,,,,,,,,,,,,,,,,,,,,,,,,,,,,,,,,,,1,,,,,,2,,,,,,,,,,,,,,,,,,,2,,,,,,,,,,,,,,,,,,,,,,,,,,,,,17,1,2,,,,,,,,,,,,,,,,,,,,,,,1,1,1,,,,1,,,,,,,,,,1,1,,,,,,10,,5,1,1,,,,,,,,,,,1,1,1,,,,,,,,,,,,,,,,,,,,,,,,,,,,,,,,,,,,,,,,,,,,,,,,,,,,,,,,,,,,,,,,,,,,,,,,,,,,,,,,,,,,,,,,,,,,,,9,,,16,,6,1,,,,,,1,,1,,
255332161,,,,,,,,,,,,,,,30,,,,,,,,,,,30,,,,,,,,,,,12,,,,,,,,,,,,,,,1,,,,,,,,,,,6,,,,,,10,8,,,,,,,,,,,,,,,,,,,,,,,,,,,,,,,,,,,,,,,,,,,,4,,,,,,,,,,,,,,,,,,,,,,,,,,,,,,,,,,,,,,,,,,,,,,,,,,,,,23,1,27,,,,,,,,,,,,,,,,,,,,9,,,,,1,,,,1,,,,,,,,,,,1,,,,,,,,,1,1,,,,,,,,,,,1,1,1,,,,,,,,,,,,,,,,,,,,,,,,,,,,,,,,,,,,,,,,,,,,,,,,,,,,,,,,,,,,,,,,15,,,,,,,,9,1,1,,,,,,,,,,,,,,,,,,,,22,,,56,,48,3,,1,,,,,,,,
273575449,,,,,,,,,4,1,,,,,10,1,,,,,,,,,,24,,,,,,,,,,,10,,,,,,,,,1,,,,,,2,,,,,,,,,,,,,,1,,,1,1,10,,,,2,,,,,,,4,3,,,,,3,,,,,,,,1,1,1,,,,,,,,,,2,1,,1,,1,,2,,,,1,,,,,,,,,,,,,,,,,,,,,,,,,,,,,,2,2,2,4,2,,,,,,,,,,,,,,6,,1,,1,,,,,,,,,,,,,,,,,,,1,,2,2,1,,,,2,,,,,,,,,,2,2,,,,,,2,,,2,2,,,,,,,,,,,,2,,,,,,,1,,,,,,2,,,,,,,,,2,2,1,,1,,,1,,,,,,,,,,,1,,,,,,,,,,,,,,,,,,,,,,,,,,,,,,,,,,,,,,,,,2,,,,,,1,1,,,2,,,,,5,,7,,4,1,1,,,,,,,1,,1
275213330,,,,,,,,,,,,,,,21,,,,,,,,,,,24,,,,,,,,,,,8,,,,,,,,,,,,,,,1,,,,,,,,,,,2,1,,,,1,,,16,,,,,,,,,,,,,,,,,,,,,,,,,,,,,,,,,,,,,,,,,,,,,,,,,,,,,,,,,,,,,,,,,,,,,,,,,,,,,,,,,,,,,,,,,,,,,,,,20,2,5,,,,,,,,,,,,,,,,,,,,3,,,,1,1,,,,1,,,,,,,,,,,1,,,,,,1,,1,1,1,,,,,,,,,,,2,1,2,,,,,,,,,,,,,,,,,,,,,,,,,,,,,,,,,,,,,,,,,,,,,,,,,,,,,,,,,,,,,,,,12,,,,,,,,1,,,,,,,,,,,,,,,,,,,,,,12,,,23,,7,2,1,2,,,,,,,,
334756132,,,,,,,,,,,,,,,15,1,,,,,,,,,,24,,,,,,,,,,,4,,,,,,,,,,,,,,,3,,,,,,,,,,,6,1,,,,1,,,,,,,,,,,,,,,,,,,,,,,,,,,,,,,,,,,,,,,,,,,,,,1,,,,,,,,,,,,2,2,,,,,,,,,,,,,,,,,,,,,,,,,,,,,,,,,,,,,,,,34,,10,,,,,,,,,,,,,,,,,,,,,,,,3,1,,,,3,,1,,,,,,,,,3,,,,,,,,,3,3,,,,,,,,,,,,3,1,,,,,,,,,,,,,,,,,,,,,,,,,,,,,,,,,,,,,,,,,,,,,,,,,,,,,,,,,,,,,,,,,,,,,,,,,,,,,,,,,,,,,,,,,,,,,,16,,3,63,,32,18,,1,,,,1,,,,
402433219,,,,,,,,,3,,,,,,3,,,,,1,,,,,,19,,,,,,,,,,,12,,,,,,,,,,,,,,,2,,,,,,,,,,,,,,1,,,1,1,3,,,,2,,,,,,,3,2,,,,,2,,,,,,1,,,,,,,,,,,,,,,,,,,1,,1,,,,1,,,,,,,,,,,,,,,,,,,,,,,,,,,,,,,,,,,,,,,,3,,3,,,,,,2,,,,,,,,,,,,,,,,,,,,,,,2,,2,2,,,,,2,,2,,,,,,,,2,2,,,,,,1,,1,2,2,,,,,,,,,,,,2,,,,,,,,,,,,,1,,,,,,,,,3,3,3,,,,,2,,,,,,,,,,,,,,,,,,,,,,,,,,,,,,,,,,,,,,,1,,,,,,,,,,,,,,,,,,,,,,,,,,,,3,,2,,2,,,,,,,,,1,,3
418710807,,,,,,1,,,10,,,,,,5,,,,,,,,,,,37,,,,,,,,,,,11,,,,,,,,,,,,,,,1,,,,,,,,,,2,2,1,,1,,,,,,,1,1,10,,,,,,,10,10,,,,,10,,,,,,,,,,,,,,,,,,,,,,,,,,,,,,,1,,,,,,,,,,,,,,,,,,,,,,,,,,,,,,,,,,,1,,,,,,4,,,,,,,8,,,,,1,,,,,,,,,,,,,,,,,,3,,1,1,1,,,,1,,,,,,,,,,1,1,,,,,1,7,,7,1,1,,,,,,,,,,,,1,,,,,,,,,,,,,,,,,,,,,,10,10,3,,,,,2,1,,,,1,,,,,,,,,,,,,,,,,,,,,,,,,,,,,,,,,,,,,,,,,,1,1,1,1,,,,,,,,,,,,,,,,2,10,,11,,10,1,,1,2,2,,,,,,6
449885822,,,,,,,,2,3,10,,,,,76,,6,,,3,,,1,,,111,,1,,1,,1,,,,2,12,,,,,,,,,3,,,,,,5,2,,,,,,,,,,3,2,,3,,,3,118,62,,,,2,,,,,,,2,2,,1,,,2,,,,,,,,11,,,,3,6,6,6,,2,,4,7,10,4,2,,3,,4,,,,3,,,,2,,,,,,,,,,,,,,,,,,,,,,,,,,,,,,,,,,,,6,,6,,,,1,,29,3,118,,3,,3,,,,,,,,,,,,,,,,3,2,,6,6,1,,,,5,,1,,,,,,,1,6,5,,,,,,31,,13,6,6,,,,,,,,,,,3,6,1,,,,,,,4,2,,1,1,10,1,,,2,,,,2,2,2,2,6,10,2,2,3,1,,2,,,,,,2,,,,1,,,,,,,,,,,,,,,4,,,,,,,,,,,,,1,,,3,,,,,,,3,,,,,,,,,,,,1,,,11,22,,34,,21,,,2,,,,,,1,,4
513889130,,,,,,,,1,2,,,,,,21,2,,,,,,,,,,37,,,,,,,,,,,9,,,,,,,,,,,,,,,4,1,,,,,,,,,25,19,4,,2,1,2,1,1,,,,,2,,,,,,,2,2,,,,,2,,,,,,,,,,,,,,,,,,,,,,,,,2,7,2,,,,2,,,,1,,,,,,,,,,,,,,,,,,,,,,,,,,,,,,,,,,,,1,,,,,,,,32,1,15,,,,,,,,,,,,,,,,,,,,,1,,3,4,1,,,,4,1,1,,,,,,,,3,4,,,,,,5,,5,4,4,,,,,,,,,,,1,4,1,,,,,,,2,1,,1,1,1,,,,1,,,,1,2,2,2,,,1,1,2,,,1,,,,,,,,,,,,,,,,,,,,,,,,,2,,,,,,,,,,,1,1,,,,2,,,,,,,,,,,,,,,,,,,,,,43,4,,80,,70,2,,2,25,25,1,,,1,,3
524694361,,,,,,,,3,4,,,,,,158,1,,1,,,,,,,,178,,,,,,,,,1,,36,,,1,1,1,1,,,17,,,,,,2,3,,,,,,,3,,,2,3,,1,1,1,14,14,128,,,,2,,3,,,,,4,4,,,,,4,,,,2,,1,,,,,,,,,,,,,,,,,,,1,,1,,,,1,,,,1,2,,,,,,,,,,,,,,,,,,,,,,,,,,,,,,,,,,,9,,9,,,,3,,40,4,10,,17,,,,,,,,,,,,,,,,,1,1,,,2,3,2,,,,2,,,,1,,2,2,,8,2,2,,,,,,27,,18,3,3,,,,,,,,,,,4,3,1,,,,1,,2,,3,,,,1,3,2,1,3,,,,3,4,4,1,,,3,3,3,,,3,7,,,2,3,,,4,1,1,,,,,,,,,,,,,,,1,,,,,,,,79,,,,,,,2,17,,,,,,,,,,,,,,,,,,,,1,,25,7,,39,,15,5,,2,,,,,,,,6
527723761,,,,,,,,,,,,,,,,,,,,,,,,,,14,,,,,,,,,,,4,,,,,,,,,,,,,,,2,,,,,,,,,,,1,,,,,,,,8,,,,,,,,,,,,,,,,,,,,,,,,,,,,,,,,,,,,,,,,,,,,,,,,,,,,,,,,,,,,,,,,,,,,,,,,,,,,,,,,,,,,,,,,,,,,,,,,11,,6,,,,,,,,,,,,,,,,,,,,,,,,2,1,,,,2,,2,,,,,,,,,2,1,,,,,,,,3,3,,,,,,,,,,,,3,2,,,,,,,,,,,,,,,,,,,,,,,,,,,,,,,,,,,,,,,,,,,,,,,,,,,,,,,,,,,,,,,,7,,,,,,3,,,,,,,,,,,,,,,,,,,,,,,,4,,,15,,6,,,1,,,,,,,,
544679337,,,,2,8,,,25,51,1,,1,1,,61,,2,,,,,,7,,,388,,,,,,,,,,,15,,,,,,,,,1,,,,,,6,25,,,,,,,,,,,,,,,,2,4,,,,,49,,,,,,,49,45,2,,,,45,,,,,,,,,1,1,,,,,,,,,,,,,1,,,,,,,,,,,,25,2,,,,,,2,2,,,,,,,,,,,,,,,,1,,,,,,,,,,,,,,,,,,,,29,,2,,1,,,,,,,,,,,,,,4,,,,,,,9,7,,,,,6,,4,,,,,,,,9,6,,,,,,61,,52,7,7,,,,,,,,,,,,7,,,,,,,,29,30,,2,24,8,11,,,6,,,7,27,51,51,4,,1,25,25,16,11,,27,,,,1,,,,,,,,,,,2,2,,2,2,,2,,2,,2,,,,,,,,,,,,,,,,,,,,,,,,,,,,,,2,1,,,,,,,,89,,3,,4,,,,,,,,,,,51
572893930,,,,,,,,,5,,,3,1,,56,,2,,1,3,1,,,,,113,,,,,,,,,,1,27,,,,,,,,,1,,1,,,,6,,,,,1,,,1,,,1,1,,4,,,5,11,,,,,5,,,,,,,5,4,,,,,4,1,,,,,,,,,,,,,,,,,,,,,,,,5,,8,,,,4,,,,4,,,,,,,4,4,,,,,,,,,,,,,,,,,,,,,,,,,,,,,,,,,,,,32,2,8,,1,,,,,,,,,,,,,,8,,,,,,,5,8,1,,,,6,,1,,,,,,,,5,6,,,,,,11,,7,8,8,,,,,,,,,,,2,8,1,,,,,,,,,,,,3,,,,4,,,,4,5,5,2,,,,,3,1,,4,,,,,,,,,,,,,,,4,2,,4,4,,2,,4,,1,,,,,,1,,,,,,1,2,,,3,,,,,,,,,,,,,,,,,,,,,,9,13,,28,,13,3,,,,,,1,,3,,9
578697222,,,,,,,,,3,3,,,,,17,,,,1,1,1,,,,,54,,,,,,,,,1,,9,,,,,,,,,,,,,,,2,,,,,,,,,,,1,,,1,,,2,2,,,,,3,,,,,,,3,2,,,,,2,,,,2,,1,,3,,,,,,,,,,,3,6,3,,,,1,,1,,,,1,,,,,,,,,,,,,,,,,,,,,,,,,,,,,,,,,,,1,,,,,2,,2,,,,,,18,1,7,,,,1,,,,,,,,,,,,,,,,1,,,4,4,1,,,,2,,1,,,,,,,,4,2,,,,,,5,,5,4,4,,,,,,,,,,,1,4,2,,,,,,,,,,,,2,,,,,,,,,3,3,1,,3,,,,,,,,,,,,,,,,,,,,1,,,,,,,,,,,,,,,,,,,,,,,1,,,,1,,,,,,,,,,,,,,,,,,5,,,,7,6,,23,,10,2,1,2,,,,,,1,,3
581840219,,,,,,,,,3,,,,,,21,,,,,1,,,,1,,20,,,,,,,,,,,12,,,,,,,,,,,,,,,1,,,,,,,,,,,3,2,,1,,1,1,1,,,,,3,,,,,,,3,3,,,,,3,,,,,,,,,,,,,,,,,,,,,,,,,,,2,,,,1,,,,,,,,,,,,,,,,,,,,,,,,,,,,,,5,4,5,6,4,,,,,,,,,,,,,,17,1,4,,,,,,,,,,,,,,,,,,,,,,,1,1,1,,,,1,,,,,,,,,,1,1,,,,,,,,,1,1,,,,,,,,,,,1,1,6,,,,,,,,,,,,,,,,,,,,,2,2,,,,,,,,,,,,,,,,,,,,,,,,,,,,,,,,,,,,,,,,,,,,,,,,,,15,,,,,,,,,,,,,,,,,,,,,,14,3,,22,,16,,,,,,,2,,,,2
606940137,,10,10,,,,,2,4,,,,,,60,,,,,,,,,,,94,,,,,,,,,2,,26,,,,,,,,1,4,,,,,,9,1,,1,,,,,2,,,1,,,3,,,5,21,,,,,3,,,,1,,,3,3,1,,,,3,,,,,,,,,,,,,,,,,,,,,,,,,4,,4,,,,3,,,,1,1,,2,,,,,,,,,,,,,1,,1,,,,,,,,,,,,,,,,,,,,,,,,2,,32,2,18,,3,,2,,,,,,,,,,,,,,,,,,,6,8,1,,,,9,,1,,,,2,2,,3,6,9,,,,,,14,,9,8,8,,,,,,,,,,,2,8,1,,,,,,,1,,,2,,3,,,,2,,,,1,3,3,3,,,2,1,,2,,2,,,,2,2,1,1,,,,2,,1,,,,,,,,,,,,1,1,,,,,,,40,,,,,,,,,,,,,,,1,52,1,9,,,,,,,,,,,,10,8,,28,,5,3,,2,,,,,1,3,,4
615032537,,,,,,,,,,9,,,,,,,,,,,,,,,,31,,1,,1,,1,,,,,4,,,,,,,,,,,,,,,2,,,,,,,,,,,,,,,,,1,1,4,,,,,,,,,,,,,,,,,,,,,,,,,9,,,1,2,,,,,,,5,7,9,2,2,,,,,,,,,,,,,,,,,,,,,,,,,,,,,,,,,,,,,,,,,,,,,,,,,,,,,,,,5,,,,,,5,,,,,,,,,,,,,,,,,,,2,2,,,,,2,,2,,,,,,,,2,2,,,,,,7,,4,2,2,,,,,,,,,,,,2,,,,,,,,,,,,,3,,,,,,,,,,,,,9,,,,,,,,,,,,,,,,,,,,,,,,,,,,,,,,,,,,,,,,,,,,,,,,,,,,,,3,,,,,,,1,,,,,1,,,,10,,7,,4,,,,,,,,1,,,
617473022,,,,,,,,,3,,,,,,26,,,,,,,,,,,32,,,,,,,,,,,6,,,,,,,,,,,,,,,1,,,,,,,,,,,4,1,,2,,1,1,1,11,,,,3,,,,,,,3,3,,,,,3,,,,,,,,,,,,,,,,,,,,,,,,,1,,1,1,,,2,,,,,,,,,,,,,,,,,,,,,,,,,,,,,,,,,,,1,,,,,,,,,,,,,14,,3,,,,,,,,,,,,,,,,,,,,11,,,1,1,1,,,,1,,,,,,,,,,1,1,,,,,,9,,8,1,1,,,,,,,,,,,,1,5,,,,,,,,,,,,,,,,,,,,,3,3,,,,,,,,,,,,,,,,,,,,,,,,,,,,,,,,,,,,,,,,1,,13,,,,,,,1,14,3,3,,,,,,,,,,,,,,,,,,,,23,3,,22,,18,1,,,,,,,,2,,3
628368137,,,,,,,,,,5,,,,1,,,2,,,,,,1,,,104,1,1,1,1,,1,,,,1,10,,,,,,,,,,,,,,,5,,,,,,,,,,,1,1,,1,,,1,4,,,,,,,2,,,,,,,,,,,,,,,,,,,6,4,1,,3,,,,,,,2,8,5,,3,,,,,,,,1,,,,,,,,,,,,,,,,,,,,3,,,,,,,,,,1,1,1,2,1,,,,,,1,,,,,,,,23,,5,,,,1,,,,,,,,,,,,,,,,,,,5,6,1,,,,5,,2,,,,,,,1,5,5,1,,,,,37,,24,7,7,,,,,,,,,,,,7,1,,,,,,,,,,,,5,,,,1,,,,,,,,,5,,,,,1,,,,,,,,,7,,,,,,,,,,,,,,,,,3,,,,,,,,39,,,,,,,,,,,,,,,4,,,,,,,4,1,,,7,1,,,9,9,,22,,5,,,1,,,,1,1,,,
629681732,,,,,,,,,6,,,,1,,,,,1,,,,,2,,,53,,,,,,,,,,1,6,,,,,,,,,,,,,,,1,,,,,,,,,,,1,1,,,,1,,,,,,,6,,,,,,,6,5,,,,,5,,,,,,1,,,,,,,,,,,,,,,,,,,1,,,,,,,,,,1,,,,,,1,1,,,,,,,,,,,,,,,,,1,,,,,,,,,,,,,,,,,,,,20,,4,,,,,,,,,,,,,,,,2,,,,,,,2,1,1,,,,1,,,,,,,,,,2,1,,,,,,18,,16,1,1,,,,,,,,,,,,1,1,,,,,,,,,,,,1,,,,1,,,,1,6,6,2,,,,,,1,,1,,,,,,,,,,,,,,,1,1,,1,1,,1,,1,,4,,,,,,,,17,,,,,,,1,1,,,,,,,,2,,,,,,,,,,,,,,9,7,,20,,3,2,,1,,,,,,,,4
658846731,,20,,,,,,,1,7,,,,13,68,,1,1,,,,,,,,157,,1,,1,,1,,,,1,12,,,,,,,,4,,,,,,,4,,,,,,,,,,,3,1,,1,,1,2,43,,,,2,1,,,,,,,1,1,,,,,1,,,,,,,,8,,,,3,2,2,2,,1,,5,6,7,2,,,2,2,3,,,,1,,,,,,,11,2,,,,,,,,,,,,,1,6,1,3,,,2,1,,,,,,,,,,12,8,1,,,,,,,,58,,62,,,,3,,,,,,,,,,,,,5,,,,1,,4,4,1,,,,4,,2,,,,,,,,4,4,,,,,,48,,18,4,4,,,,,,,,,,,,4,1,,,,,,,,,,,,6,,,,13,,,,,1,1,1,2,7,,,1,,13,,,,,3,19,,30,,,,,,,,,,,,,,,,,,4,,,,,,1,,53,,,,,,,,2,,,,,,,3,,,,,,,,,,,,1,,,14,32,,78,,44,13,1,,,,,2,,1,,5
662194262,,,,,,,,,,,,,,,1,,,,,,,,,,,6,,,,,,,,,,,4,,,,,,,,,,,,,,,1,,,,,,,,,,,,,,,,,,,,,,,,,,,,,,,,,,,,,,,,,,,,,,,,,,,,,,,,,,,,,,,,,,,,,,,,,,,,,,,,,,,,,,,,,,,,,,,,,,,,,,,,,,,,,,,,,,,,,,,,,,,,,,,,,,,,,,,,,,,,,1,,,,,1,,1,,,,,,,,,1,,,,,,,,,1,1,,,,,,,,,,,,1,,,,,,,,,,,,,,,,,,,,,,,,,,,,,,,,,,,,,,,,,,,,,,,,,,,,,,,,,,,,,,,,,,,,,,,,,,,,,,,,,,,,,,,,,,,,,,,,,,,,,,,,,,,,,,,
673348207,,,,,,,,,,,,,,,19,2,,1,,,,,,,,32,,,,,,,,,,,8,,,,,,,,,,,,,,,1,,,,,,,,,,,1,1,,,,1,,,18,,,,,,,,,,,,,,,,,,,,,,,,,,,,,,,,,,,,,,,,,,,,,,,,,,,,,,,10,2,,,,,,,,,,,,,,,,,,,,,,,,,,,,,,,,,,,,,,,,47,1,9,,,,,,,,,,,,,,,,,,,,,,,,1,1,,,,1,,1,,,,,,,,,1,,,,,,,,,1,1,,,,,,,,,,,1,1,1,,,,,,,,,,,,,,,,,,,,,,,,,,,,,,,,,,,,,,,,,,,,,,,,,,,,,,,,,,,,,,,,16,,,,,,,1,1,,,,,,,,,,,,,,,,,,,,,,19,,,69,,21,20,,1,,,,,,,,
679278818,,,,,,,,,,,,,,,9,,,,,,,,,1,,4,,,,,,,,,,,9,,,,,,,,,,,,,,,1,,,,,,,,,,,1,,,,,,,,9,,,,,,,,,,,,,,,,,,,,,,,,,,,,,,,,,,,,,,,,,,,,,,,,,,,,,,,,,,,,,,,,,,,,,,,,,,,,,,,,,,,,,,,,,,,,,,,,11,1,4,,,,,,,,,,,,,,,,,,,,,,,,1,1,,,,1,,,,,,,,,,,1,,,,,,,,,1,1,,,,,,,,,,,1,1,4,,,,,,,,,,,,,,,,,,,,,,,,,,,,,,,,,,,,,,,,,,,,,,,,,,,,,,,,,,,,,,,,,,,1,,,,,,,,,,,,,,,,,,,,,,,,,,,1,,,13,,4,,,1,,,,,,,,
685152131,,,,,,,,,11,,,,,,26,,,,,2,,,,,,45,,,,,,,,,,,10,,,,,,,,,,,,,,,8,,,,,,,,,,,,,,,,,1,1,,,,,11,,1,,,,,9,8,,2,,,8,,,,,,,,,,,,,,,,,,,,,,,,,,,,,,,,,,,,,,,,,,,,,,,,,,,,,,,,,,,,,,,,,,,,,,,,,,,,,,,,,,,,,,,,,,,,,,,,,,,,,,1,,8,9,,,,,9,,8,,,,,,,,8,9,,,,,,1,,1,9,9,,,,,,,,,,,,9,,,,,,,,,,,,,3,,,,,,,,,7,7,5,,,,,1,,,,,,,,,,,,,,,,,,,,,,,,,,,,,,,,,,,,,,,,1,,,,,,,,,,,,2,,,,,,,,,,,,,,,11,,,,,,,,,,,,1,,,7
692049530,,,,,,,,,,,,,,1,18,,,,,,,,,,,20,,,,,,,,,,,19,,,,,,,,,,,,,,,1,,,,,,,,,,,1,,,,,,2,2,,,,,,,,,,,,,,,,,,,,,,,,,,,,,,,,,,,,,,,,,,,,,,,,,,,,,,,,,,,,,,,,,,,,,,,,,,,,,,,,,,,,,,,,,,,,,,,,,12,2,2,,,,,,,,,,,,,,,,,,,,,,,,1,,,,,1,,,,,,,,,,,1,,,,,,1,,1,1,1,,,,,,,,,,,2,1,1,,,,,,,,,,,,,,,,1,,,,,,,,,,1,,,,1,,,,,,,,,,,,,,,,,,,,,,,,,,,,,,,,,,10,,,,,,,,,,,,,,,,,,,,,,,,,,,,,,7,1,,11,,,2,,1,,,,2,,,,
696333419,,10,,,,,,,2,2,,,,,29,,,1,,,,,,,,59,,,,,,,,,,,4,,,,,,,,2,,,,,,,2,,,,,,,,,,,5,,,1,,,,,22,,,,2,,,,,,,2,2,,,,,2,,,,,,,,2,,,,,5,5,5,,1,1,,2,2,2,,,1,5,1,,,,1,,,,,,,,,,,,,,,,,,,1,,,2,,1,3,,,,,2,2,2,6,2,,,,,,,,,,,,,,17,,,,,,1,,,,,,,,,,,,,,,,2,,,1,2,1,,,,3,,2,,,,,,,,1,3,,,,,,17,,,2,2,,,,,,,,,,,,2,1,,,,,,,,,,2,,6,,,,,,,,,2,2,,5,2,,,,,,,,,,,10,,38,,,,,7,1,,,,,,,,,,,,,,,,,,,,18,,,,,,,,3,,,,,,,,,,,,,,,,,,,,,,13,12,,26,,17,2,,1,,,,1,,1,,2
696786372,,,,,,,,,,,,3,,1,31,,1,1,,,,,,,,76,,,,,,,,,,,9,,,,,,,,,,,,,,,2,,,,,,,,,1,26,25,2,,2,,,,,30,,,,,,,,,,,,,,,,,,,,,,,,,,,,,,,,,,,,,,,,,,2,8,3,2,,2,2,,,,3,,,,,,1,3,2,1,,,,,,,,,,,,,,,,,,,,,,,,,,,,,,,,,,,32,1,25,,,,,,,,,,,,,,,,6,,,,,,,2,2,1,,,,2,,1,1,,,,,,,2,2,1,,,,,5,,2,3,3,,,,,,,,,,,1,3,1,,,,,,,3,,,2,,1,,,,4,,,,3,,,,,,,,2,1,1,3,,,,,,,,,,,,,,,1,2,1,1,3,1,2,1,3,,,,,,,,,,30,,,,,,,3,,,,,,,,,,,,,1,,,,,,,,,,47,4,1,93,,88,3,,1,26,26,1,2,,,,2
703869137,,,,,,,,,8,,,,1,,38,,,,,,,,,,,75,,,,,,,,,,1,11,,,,,,,,,,,,,,,12,,,,,,,,,,,2,,,4,,,2,,,,,,8,,,,,,,8,8,,,,,8,,,,,,1,,,,,,,,,,,,,,,,,,,4,,3,2,,,4,,,,1,,,,,,,1,1,,,,,,,,,,,,,,,,1,,,,,,,,,,,,,,,,,,,,23,,4,,,,,,,,,,,,,,,,2,,,,5,2,,8,12,1,,,,12,,11,,,,,,,,8,12,,,,,1,39,,30,12,12,,,,,,,,,,,,12,1,,,,,,,,,,4,,,,,,1,,,,1,8,8,4,,,,,2,1,,1,,,,,,,,,,,,,,,1,1,,1,1,,1,,1,,6,,,,,,,,27,,,,,,,2,7,,,,,,,,,,,,,,,,,,,,,,15,9,,26,,16,2,,,,,,1,,4,,8
713610822,,,,,,,,1,,,,,1,,16,,,,,2,,,,,,37,,,,,,,,,,,9,,,,,,,,,,,,,,,2,1,,,,,,,,,,2,1,,1,,,,,,,,2,,,,,,,,,,,,,,,,,,,,,,,,,,,,,,,,,,,,,,,1,1,2,,,,1,,,,2,,,,,,,1,1,,,,,,,,,,,,,,,,,,,,,,,,,,,,1,,1,,,,,,23,,,,,,,,,,,,,,,,,,2,,,,,,,1,2,1,,,,2,,2,,,,,,,,1,2,,,,,,1,,,2,2,,,,,,,,,,,,2,1,,,,,,,2,5,,,1,,5,,,2,,,,2,,,,,,2,1,2,,,2,,,,,,,,,,,,,,,,1,1,,1,1,1,,1,,,,,,,,,,,,,,1,,,,2,,,,,,,,,,,,,,,,,,,,,,9,2,,24,,7,3,,,,,,1,,,,2
714579331,,,,,,,,,,,,3,,,3,,1,,,1,,,,,,14,,,,,,,,,,,7,,,,,,,,,,,,,,,3,,,,,,,,,,,,,,,,,,,3,,,,,,,,,,,,,,,,,,,,,,,,,,,,,,,,,,,,,,,,,,,,,,,,,,,,3,,,,,,2,3,1,,,,,,,,,,,,,,,,,,,,,,,,,,,,,,,,,,,,2,,,,,,,,,,,,,,,,,,6,,,,,,,3,3,,,,,3,,1,,,,,,,,3,3,,,,,,3,,,3,3,,,,,,,,,,,,3,,,,,,,,,,,,,1,,,,3,,,,1,,,,,,1,,1,2,,3,,,,,,,,,,,,,,,2,2,,2,3,,2,1,3,,,,,,,,,,,,,,,,,,,,,,,,,,,,,,,,,,,,,,,,,3,,,,,,,,,,,,,,,1
714941022,,,,,,,,,,,,1,,,2,,,,,,,,,,,7,,,,,,,,,,,4,,,,,,,,,,,,,,,1,,,,,,,,,,,,,,,,,,,,,,,,,,,,,,,,,,,,,,,,,,,,,,,,,,,,,,,,,,,,,,,,,,,,,,,1,,,,,,,1,1,,,,,,,,,,,,,,,,,,,,,,,,,,,,,,,,,,,,1,,,,,,,,,,,,,,,,,,2,,,,,,,1,1,,,,,1,,1,,,,,,,,1,1,,,,,,1,,,1,1,,,,,,,,,,,,1,,,,,,,,,,,,,,,,,1,,,,,,,,,,,,,1,,1,,,,,,,,,,,,,,,1,1,,1,1,,1,,1,,,,,,,,,,,,,,,,,,,,,,,,,,,,,,,,,,,,,,,,,1,,,,,,,,,,,,,,,1
719341137,,,,,,,,3,14,,,,,,23,,,,,,,,,,,103,4,,,,,,,,,1,18,,,,,,,,,5,,,,,,1,2,1,,,,,,,,,,,,,,,13,44,23,,,,13,,,2,1,,,13,14,1,,,,14,,,,,,3,,,,,,,,,,,,,,,,,,,1,,3,,,,,,,,3,,,,,,,,,,,,,,,,,,,,,,,,,,,,,,,,,,,,4,,2,,,,,,3,,31,,5,,,,,,,,,,,,,,,,,,,1,,1,1,,,,,1,,,,,,,,,,1,1,4,,,,,22,,18,5,5,,,,,,,,,,,,5,,,,,,,,4,3,,2,3,,,,,3,,,,3,14,14,4,,,3,3,4,,,3,,,,1,,,,3,,,,,,,,,,,,,,,,,2,,,,,,,,27,,,,,,,,,,,,,,,1,,,,,,,,,,,,,,,,21,,1,,1,,,,,,,,,,,11
725904131,,,,,,,,,,,,2,1,,4,,,,,,,,,,,24,1,,,,,,,,,,9,,,,,,,,,,,,,,,2,,,,,,,,,,,,,,,,,,,4,,,,,,,,,,,,,,,,,,,,,,,,,,,,,,,,,,,,,,,,,,,,,,,,,,,,3,,,,,,,3,3,,,,,,,,,,,,,,,,,,,,,,,,,,,,,,,,,,,,3,,,,,,,,,,,,,,,,,,6,,,,,,,2,2,,,,,2,,2,,,,,,,,2,2,1,,,,,3,,,3,3,,,,,,,,,,,,3,,,,,,,,,,,,,1,,,,3,,,,3,,,,,,1,,3,,,3,,,,,,,,,,,,,,,3,2,,3,3,,2,,3,,,,,,,,,,,,,,,1,,,,,,,,,,,,,,,,,,,,,,,,,,4,,,,,,,,,,,,,,,3
747545855,,,,,,,,,,,,,,,2,,,1,,,,,,,,2,,,,,,,,,,,8,,,,,,,,,1,,,,,,1,,,,,,,,,,,1,,,,,,1,1,,,,,,,,,,,,,,,,,,,,,,,,,,,,,,,,,,,,,,,,,,,,,,,,,,,,,,,,,,,,,,,,,,,,,,,,,,,,,,,,,,,,,,,,,,,,,,,,,11,1,1,,,,,,,,,,,,,,,,,,,,,,,1,1,,,,,1,,1,,,,,,,,1,1,,,,,,,,,1,1,,,,,,,,,,,1,1,1,,,,,,1,,,,1,,,,,,,,,,,,,,,,,,,,,,,,,,,,,,,,,,,,,,,,,,,,,,,,,,,,,,1,,,,,,,,1,,,,,,,,,1,,,,,,,,,,,,,9,,,12,,1,1,,,,,,,,,,
748954207,,,,,,,,,,,,,,,3,,,,,,,,,,,6,,,,,,,,,,,4,,,,,,,,,,,,,,,1,,,,,,,,,,,1,,,,,,,,,,,,,,,,,,,,,,,,,,,,,,,,,,,,,,,,,,,,,,,,,,,,,,,,,,,,,,,,,,,,,,,,,,,,,,,,,,,,,,,,,,,,,,,,,,,,,,,,13,,,,,,,,,,,,,,,,,,,,,,,,,,1,1,,,,1,,1,1,,,,,,,,1,,,,,,,,,1,1,,,,,,,,,,,,1,1,,,,,,,,,,,,,,,,,,,,,,,,,,,,,,,,,,,,,,,,,,,,,,,,,,,,,,,,,,,,,,,,3,,,,,,,,,,,,,,,,,,,,,,,,,,,,,,6,,,10,,1,1,,1,,,,,,,,
752903172,,,,,,,,,5,4,,,,,20,,3,1,,,,,,,,58,,1,1,1,,1,,,,,10,,,,,,,,,1,,,,,,2,,,,,,,,,,,1,1,,4,,,1,1,20,,,,5,,,,,,,5,5,,,,1,5,,,,,,,,4,5,5,,,,,,,,,2,13,4,,2,,2,,3,1,,,4,,,,,,,,,,,,,,,,,,,,,,,,,,,,,,,,,,,,,,,,1,,1,,,,,,30,,2,,1,,2,,,,,,,,,,,,,,,,,1,,2,3,1,2,,,2,,1,,,,,,,,2,2,,,,,,4,,3,3,3,,,,,,,,,,,,3,1,,,,,,,,,,,,2,,,,,,,,,4,4,1,,4,1,,1,,,,,,,,,,,,,,,,,,,,,,,,,,,,,,,,,,1,,21,,,,,,,1,2,,,,,,,,,,,,,,5,5,,,13,,,,9,9,,30,,10,2,,2,,,,,,3,,4
754425937,,,,,,,,1,28,,,,,,215,,,,,,,,,,,311,,,,,,,,,,6,49,,,,,,,,,2,,,,,,6,1,,,,1,1,1,1,,,4,3,,3,,,7,23,,,,,22,,3,9,,2,,26,24,1,1,2,1,24,,,,11,1,25,,,,,,,,,,,,,,,,,,,3,,3,2,,,3,,2,,4,,,,,,1,,2,,,,,,,,,,1,,,3,11,,5,,,,,,,,,,,,16,,5,,,,1,,34,3,31,,2,,,,,,,,,,,,,,,,,,5,5,,5,6,1,,,,6,1,1,,,2,2,6,,1,5,6,,,,,,112,,71,6,6,,,,,,,,,,,3,6,1,,,,,,,,1,,1,,4,1,,,4,,,,3,27,27,13,,,1,1,8,1,,4,29,,,3,,,,3,,,,,,,,,,,,,,,,,14,,,,,,,,111,,,,,,,3,5,,,,,,,,,,,,,,,,,,,,,,16,35,,37,,29,1,,3,,,,,,,,24
757992607,,,,,,,,,4,9,,,,,30,,1,,,1,,,1,,,51,,,,,,,,,,,9,,,,,,,,,1,,,,,,1,,,,,,,,,,,3,,,2,,,1,1,15,,,,4,,,,,,,4,4,,,,,4,,,,2,,1,,10,,,,1,,,,,,,5,7,9,2,2,,2,,3,,,,2,,,,,,,,,,,,,,,,,,,,,,,,,,,,,,,,,,,,,,,,2,,2,,,,,,20,,,,1,,2,,,,,,,,,,,,,,,,6,,,2,1,1,,,,1,,1,,,,,,,,2,1,,,,,,6,,5,1,1,,,,,,,,,,,,1,1,,,,,,,,,,,,2,,1,,,,,,,4,4,1,,9,,,,,,,,,,,,,,,,,,,,,,,,,,,,,,,1,,,,,,,,,,,,,,,,1,,,,,,,,6,,,,,,2,,,,,,,,15,13,,25,,9,2,,1,,,,1,,2,,4
759562332,,,,,,,,,,1,,,,1,,,1,,,,,,,,,47,,1,,1,,1,,,,,4,,,,,,,,2,,,,,,,6,,,,,,,,,,,,,,,,,1,1,,,,,,,,,,,,,,,,,,,,,,,,,,1,,,,2,,,,,,,1,5,1,,,,1,,1,,,,,,,,,,,,,,,,,,,,,,,,,1,4,1,,,,,,,3,2,3,6,2,,,1,,,,,,,,,,,10,,3,,,,,,,,,,,,,,,,,,,,,,,4,6,1,,,,6,,6,,,,,,,,4,6,1,,,,,10,,1,7,7,,,,,,,,,,,,7,2,,,,,,,,,,,,,,,,1,,,,,,,,,1,,,,,1,,,,,,7,,19,,,,,10,1,,,,,,,,,,,,,,,,,,,,,,,,,,,,,,,,,,,3,,,,,,,,,,,5,1,,,,5,,10,,4,,,,,,,1,1,,,1
763169532,,,,,,,,2,1,,,,,,26,,,,,,,,,,,34,,,,,,,,,,,7,,,,,,,,1,,,,,,,1,1,,1,,,,,,,,1,1,,2,,,,,,,,2,1,,,,,,,1,1,,,,,1,,,,,,,,,,,,,,,,,,,,,,,,,1,1,2,,,,2,,,,2,,,,,,,,,,,,,,,,,,,,,,,,,,,,,,,,,,,,,,,,,,,,11,,,,,,,,,,,,,,,,,,,,,,,,,1,1,1,,,,1,,,,,,,,,,1,1,,,,,,,,,1,1,,,,,,,,,,,,1,1,,,,,,,4,4,,,2,1,3,,,2,,,,1,1,1,,,,2,1,1,1,,2,,,,,,,,,,,,,,,,,,,,,,,,,,,,,,,,,,,,,,,,,,,,,,,,,1,,,,,,,,,,,,,,1,3,,10,,9,,,,,,,,,1,,2
768634662,,,,,,,,,,2,,,1,,23,1,,,,,,,,,,21,,,,,,,,,,,4,,,,,,,,,,,,,,,2,,,,,,,,,,,3,,,,,,,,,,,,,,,,,,,,,,,,,,,,,,,,,2,,,,,,,,,,,,,2,,2,,,,,,,,,,,,,,,,,,,,,,,,,,,,,,,,,,,,,,,,,,,,,,,,,,,,,,,,17,,1,,,,,,,,,,,,,,,,1,,,,7,,,2,2,1,,,,2,,,,,,,,,,2,2,,,,,,1,,,2,2,,,,,,,,,,,,2,1,,,,,,,,,,,,2,,,,,,,,,,,,,2,,,,,,,,,,,,,,,,,,,,,1,1,,1,1,,1,,1,,,,,,,,,,,,,,,,,,15,,,,,,,,5,,1,,,,2,,,,,,,,23,2,,23,,11,1,1,,,,,,,,,
770001797,,,,,,,,,6,1,,1,,,6,,1,,,,,,,,,43,,,,,,,,,,,7,,,,,,,,,,,,,,,3,,,,,,,,,,,,,,,,,1,1,,,,,6,,,,,,,6,6,,,,,6,,,,,,,,1,,,,,,,,,,,1,3,1,,,,1,,1,,,,,,,,1,,,,,,,1,1,,,,,,,,,,,,,,,,,,,,,,,,,,,,,,,,,,,,1,,,,,,,,,,,,,,,,,,2,,,,,,,3,3,,,,,3,,,,,,,,,,3,3,,,,,,8,,7,3,3,,,,,,,,,,,,3,,,,,,,,,,,,,,,,,1,,,,1,6,6,1,,1,,,1,,,1,,,,,,,,,,,,,,,1,1,,1,1,,1,,1,,1,1,,,,,,,,,,,,,,,,,,,,,,,,,,,,,,,,,3,,,,,8,,,,,,,,,,,,,,,5
772583772,,40,30,,,,,,,,,,,,126,,,,,,,,,,,110,,,,,,,,,,2,13,,,,,,,,2,,,,,,,5,,,,,,1,,1,,2,4,1,,1,,,7,9,114,,,,,,,,,,,,,,,,,,,,,,,1,,,,,,,,,,,,,,,,,,,1,,,,,,1,,,,,,,2,,,,,,,,,,,,,,,5,,,,,,,,,,,1,,,,,6,,,,,,,,,,16,,4,,,,,,,,,,,,,,,,,,,,,,,3,5,,,,,5,,3,,,,1,1,,,3,5,,,,,,22,,17,5,5,,,2,2,,,1,,,,,5,3,,,,,,,,,,,,4,,,,,,,,,,,,,,1,,,,,,,,,2,,,,,,,,,,,,,,,,,,,,,2,,,,,,,,,,,,,,,,2,,,,,,,,,,,,,,,,,,,,,,13,5,,22,,7,2,,1,2,2,,1,,,,
772681331,,,,,,,,,,,,,,,1,,,,,,,,,,,2,,,,,,,,,,,8,,,,,,,,,,,,,,,1,,,,,,,,,,,,,,,,,,,,,,,,,,,,,,,,,,,,,,,,,,,,,,,,,,,,,,,,,,,,,,,,,,,,,,,,,,,,,,,,,,,,,,,,,,,,,,,,,,,,,,,,,,,,,,,,,,,,1,,,,,,,,,,,,,,,,,,,,,,,,,1,,,,,1,,,,,,,,,,,1,,,,,1,,,,1,1,,,,,,,,,,,1,1,,,,,,,,,,,,,,,,,,,,,,,,,,,,,,,,,,,,,,,,,,,,,,,,,,,,,,,,,,,,,,,,,,,,,,,,,,,,,,,,,,,,,,,,,,,,,,,1,,,,,,,,,,,,,,,,
772952561,,,,,,,,,36,,,,,,29,,,,,,,,,,,166,1,,,,,,,,,,7,,,,,,,,,,,,,,,7,,,,,,,,,,,,,,3,,,4,4,,,,,36,3,,,,,,35,33,,1,,,33,,,,1,,1,,,,,,,,,,,,,,,,,,,3,,3,,,2,3,,,,,,,,,,,,,,,,,,,,,,,,,,,,,,,,,,,,,,,,3,,2,,,,,,2,,,,,,,,,,,,,,,,,,,,,,,,,7,7,,,,,7,,7,,,,,,,,7,7,1,,,,,20,,16,8,8,,,,,,,,,,,,8,,,,,,,,,,,,,6,,,,,,,,,17,17,13,,,,,,,,,,,,,,,,,,,,,,,,,,,,,,,,,3,,,,,,,,,,,,,,,,,,,,,,,,1,,,,,,,,,,,,,,,41,,3,,7,,,,,,,,2,3,,17
818812732,,,,,,,,,,,,1,,,5,,1,,,,,,,,,17,,,,,,,,,,,4,,,,,,,,,,,,,,,1,,,,,,,,,,,,1,,1,,,,,,,,,,,,,,,,,,,,,,,,,,,,,,,,,,,,,,,,,,,,,,,,,1,,,,1,,,,1,,,,,,,1,1,,,1,,,,,,,,,,,,,,,,,,,,,,,,,,,,,,,,,11,,,,,,,,,,,,,,,,,,2,,,,,,,1,1,1,,,,1,,,,,,,,,,1,1,,,,,,1,,,1,1,,,,,,,,,,,,1,1,,,,,,,,,,,,,,,,1,,,,1,,,,,,,,,1,,1,,,,,,,,,,,,,,,1,1,,1,1,,1,,1,,,,,,,,,,,,,,,,1,,,,,,,,,,,,,,,,,,,,,,,,5,1,,12,,4,1,,1,,,,,,,,1
819863771,,,,,,,,,3,,,1,2,,23,,,,,,,,,,,56,,,,,,,,,,,10,,,,,,,,,,,,,,,2,,,,,,,,,,,,3,,3,,,,,,,,,3,,,,,,,3,2,,,,,2,,,,,,,,,,,,,,,,,,,,,,,,,3,,3,3,,1,3,,,,3,,,,,,,3,3,,,,,,,,,,,,,,,,,,,,,,,,,,,,,,,,,,,,7,,6,,,,,,,,,,,,,,,,6,,,,,,,2,2,,,,,2,,,,,,,,,,2,2,,,,,,10,,7,2,2,,,,,,,,,,,,2,,,,,,,,,,,,,1,,,,3,,,,3,3,3,,,,,,2,1,,3,,,,,,,,,,,,,,,2,3,1,2,3,1,3,,3,,,,,,,,,,,,,,,,,,,,,,,,,,,,,,,,,,,,,,,,,6,,5,,8,,,,,,,,1,,,5
841996371,,,,,,,,,,,,,,,3,,,,,,,,,,,8,,,,,,,,,,,4,,,,,,,,,,,,,,,1,,,,,,,,,,,,,,,,,,,4,,,,,,,,,,,,,,,,,,,,,,,,,,,,,,,,,,,,,,,,,,,,,,,,,,,,,,,,,,,,,,,,,,,,,,,,,,,,,,,,,,,,,,,,,,,,,,,,9,,1,,,,,,,,,,,,,,,,,,,,,,,,1,1,,,,1,,1,,,,,,,,,1,,,,,,,,,1,1,,,,,,,,,,,,1,1,,,,,,,,,,,,,,,,,,,,,,,,,,1,,,,,,,,,,,,,,,,,,,,,,,,,,,,,,,,,,,,,,,,,,,,,,2,,,,,,,,,,,,,,,,,,,,,,1,,,10,,4,,,,,,,,,,,
860207971,,,,,,,,,,3,,,,,7,,,,,,,,,,,14,,3,,3,,3,,,,,6,,,,,,,,,,,,,,,3,,,,,,,,,,,,,,,,,,,7,,,,,,,,,,,,,,,,,,,,,,,,,3,,,,6,,,,,,,3,9,3,,,,,,,,,,,,,,,,,,,,,,,,,,,,,,,,,,,,,,,,,,,,,,,,,,1,,,,,,,,,,,,,,,,,,,,,,,,,,,,,,,,,3,3,,,,,3,,,,,,,,,,3,3,,,,,,,,,3,3,,,,,,,,,,,,3,,,,,,,,,,,,,,,,,,,,,,,,,,3,,,,,,,,,,,,,,,,,,,,,,,,,,,,,,,,,,,,,,,,,,,,1,,,,,,,,,,9,,,,,,,,,,,8,3,,,,4,,1,,1,,,,,,,,,,,
875350532,,,,,,,,,8,,,,,,18,,,1,,,,,,,,52,,,,,,,,,,,10,,,,,,,,,5,,,,,,1,,,,,,,,,,,1,,,,,,1,1,17,,,,4,,,,,,1,7,5,,1,,,5,,,,,,,,,,,,,,,,,,,,,,,,,,,,,,,,,,,,,,,,,,,,,,,1,,,,,,,,,,,,,,,,,,,,,,,,1,,,,,,,,,1,1,,5,,,,,,,,,,,,,,,,,,,1,,1,1,,,,,1,,1,,,,,,,,1,1,,,,,,21,,14,1,1,,,1,1,,,,,,,1,1,,,,,,,,,,,,,1,,,,,,,,,8,8,6,,,,,1,,,,,,,,,,,,,,,,,,,,,,,,,,,,1,,,,,,,,15,,,,,,,,,,,,,,,,,,,,,,,,,,,,,,1,8,,2,,1,1,,,,,,,,,,8
879100418,,,,,,,4,,3,1,,,,,56,2,,,,1,,,,,,37,,,,,,,,,,,8,,,,,,,,,,,,,,,4,,,,,,,,,,,3,,,,,,2,2,25,,,,3,,,,,,,3,3,,,,,3,,,,,,,,1,,,,,,,,,,,1,1,1,,,,,,1,,,,,,,,,,,,,,,,,,,,,,,,,,,,,,,,,,19,8,19,28,8,,,,,,,,,,,,,,17,,4,,,,,,,,,,,,,,,,,,,,4,1,,4,4,1,,,,4,,,,,,,,,,4,4,,,,,,1,,,4,4,,,,,,,,,,,,4,4,1,,,,,,,,,,,,,,,,,,,,1,1,1,,1,,,1,,,,,,,,,,,,,,,,,,,,,,,,,,,,,,,1,,,,,,,,,1,1,,,12,,,,,,,,20,,,,,,,,,,,,,,19,3,,24,,6,6,1,,,,,,,,,1
896078819,,,,,,,,,,,,,,,14,,,,,,,,,,,8,,,,,,,,,,,4,,,,,,,,,,,,,,,1,,,,,,,,,,,2,,,,,,,,,,,1,,,,,,,,,,,,,,,,,,,,,,,,,,,,,,,,,,,,,,,,,,,,,,,,,,,,2,,,,,,,,,,,,,,,,,,,,,,,,,,,,,,,,,,,,,,,,,13,,1,,,,,,,,,,,,,,,,,,,,6,,,,8,,,,,1,,,,,,,,,,,1,,,,,,,,,8,8,,,,,,,,,,,,5,1,,,,,,,,,,,,,,,,,,,,,,,,,,,,,,,,,,,,,,,,,,,,,,,,,,,,,,,,,,,,,,,,,,,,,,,,1,,,,,,,,,,,,,,,,,,,,,,15,,,18,,6,,,,,,,,,,,
907090737,,,,,,,,,,,,,,,15,1,,,,,,,,,,22,,,,,,,,,,,4,,,,,,,,,,,,,,,1,,,,,,,,,,,5,,,,,,,,,,,,,,,,,,,,,,,,,,,,,,,,,,,,,,,,,,,,,,,,,,,,,,,,,,,,,,,6,1,,,,,,,,,,,,,,,,,,,,,,,,,,,1,,,,,,,,,,,,,30,,4,,,,,,,,,,,,,,,,,,,,1,,,,1,1,,,,1,,,,,,,,,,,1,,,,,,,,,1,1,,,,,,,,,,,,1,1,,,,,,,,,,,,,,,,,,,,,,,,,,1,,,,,,,,,,,,,,,,,,,,,,,,,,,,,,,,,,,,,,,,,,,,1,,3,1,1,,,,,,,,,,,,,,,,,,,,15,,,35,,5,6,2,1,,,,,,,,
938441197,,,,,,,,,,,,,,,8,,,,,,,,,,,14,,,,,,,,,,,4,,,,,,,,,,,,,,,1,,,,,,,,,2,,6,,,,,,,,,,,,,,,,,,,,,,,,,,,,,,,,,,,,,,,,,,,,,,,,,,,3,,,,,,,,,,,,,,,,,,,,,,,,,,,,,,,,,,,,,,,,,,,,,,,,,,,,,19,,27,,,,,,,,,,,,,,,,,,,,,,,,1,1,,,,1,,,,,,,,,,,1,,,,,,,,,1,1,,,,,,,,,,,,1,1,,,,,,,,,,,,,,,,,,,,,,,,,,,,,,,,,,,,,,,,,,,,,,,,,,,,,,,,,,,,,,,,,,,,,,,,,,,,,,,,,,,,,,,,,,,,,,16,,4,53,,43,3,,,,,,,,,,
953479597,,,,,,,,2,,,,,,,14,,,,,,,,,,,34,,,,,,,,,,,17,,,,,,,,,,,,,,,1,2,,,,,,,,,,2,2,,2,,,,,,,,,,,,,,,,,,,,,,,,,,,,,,,,,,,,,,,,,,,,,,,1,,1,1,,,2,,,,2,,,,,,,,,,,,,,,,,,,,,,,,,,,,,,,,,,,,,,,,,,,,23,2,11,,,,,,,,,,,,,,,,,,,,,,,1,1,1,,,,1,,,,,,,,,,1,1,,,,,,,,,1,1,,,,,,,,,,,2,1,1,,,,,,,3,1,,2,2,1,,,,2,,,,1,,,,,,2,1,2,,,2,,,,1,,,1,,,,,,1,,,,,,,,,,,,,,,,,,,,,,,,,,,,2,,,,,,,,,,,,,,,,,,,,,,10,2,,35,,31,2,,,,,,,,,,1
972630649,,,,,,,,,,,,,2,,4,,,,,,,,,,,7,,,,,,,,,,,4,,,,,,,,,,,,,,,2,,,,,,,,,,,,,,,,,,,,,,1,,,,,,,,,,,,,,,,,,,,,,,,,,,,,,,,,,,,,,,,,,,,,,,,,2,,,,,,1,,,,,,,,,,,,,,,,,,,,,,,,,,,,,,,,,,,,,,1,,,,,,,,,,,,,,,,,,4,,,,,,,2,2,,,,,2,,1,,,,,,,,2,2,,,,,,2,,,2,2,,,,,,,,,,,,2,,,,,,,,,,,,,,,,,2,,,,1,,,,,,1,,,2,,2,,,,,,,,,,,,,,,2,2,,2,2,,2,,2,,,,,,,,,,,,,,,1,,,,,,,,,,,,,,,,,,,,,,,,,,2,,1,,,,,,,,,,,,,1
973778249,,,,,,,,1,,,,,,,8,,,,,,,,,,,22,,,,,,,,,,,8,,,,,,,,,,,,,,,1,1,,,,,,,,,1,1,,1,,,,1,1,,,,1,,,,,,,,,,,,,,,,,,,,,,,,,,,,,,,,,,,,,,,2,,1,,,,,,,,1,,,,,,,,,,,,,,,,,,,,,,,,,,,,,,,,,,,,,,,,,,,,3,1,3,,,,,,,,,,,,,,,,,,,,,,,1,1,,,,,1,,,,,,,,,,1,1,,,,,,,,,1,1,,,,,,,,,,,1,1,,,,,,,,1,1,,2,1,,,,,1,,,,1,,,,,,1,1,,1,,1,,,,,1,,1,,,,,,1,,,,,,,,,,,,,,,,,,1,,,,,,,,,,,,,,,,,,,,,,,,,,,,,,,,1,1,,6,,4,1,,,1,1,,,,,,
975747197,,,,,,,,,,,,5,,,20,,1,,,,,,,,,13,,,,,,,,,,,11,,,,,,,,,,,,,,,,,,,,,,,,,,,,,,,,,,,,,,,,,,,,,,,,,,,,,,,,,,,,,,,,,,,,,,,,,,,,,,,,,,,,,,5,,,,,,3,5,2,,,,,,,,,,,,,,,,,,,,,,,,,,,,,,,,,,,,5,,,,,,,,,,,,,,,,,,11,,,,,,,2,2,,,,,2,,2,,,,,,,,2,2,,,,,,8,,1,2,2,,,,,,,,,,,,2,,,,,,,,,,,,,1,,,,5,,,,5,,,,,,,,4,1,,5,,,,,,,,,,,,,,,5,4,,5,5,,4,,5,,,,,,,,,,,,,,,,,,,,,,,,,,,,,,,,,,,,,,,,,5,,,,,,,,,,,,,,,2
976785022,,,,,,,,,,,,,,,,,,1,,,,,,,,8,,,,,,,,,1,,6,,,1,,,,,,,,,,,,1,,,,,,,,,,,,,,,,,10,4,,,,,,,,,,,,,,,,,,,,,,,,,,,,,,,,,,,,,,,,,,,,,,,,,,,,,,,,,,,,,,,,,,,,,,,,,,,,,,,,,,,,1,,,,,,,,,,,,,5,1,7,,,,,,,,,,,,,,,,,,,,,,,,1,1,,,,1,,,,,,,,,,,1,,,,,,,,,1,1,,,,,1,1,,,,,1,1,,,,,,,,,,,,,,,,,,,,,,,,,,,,,,,,,,,,,,,,,,,,,,,,,,,,,,,,,,,,,,,,,2,,,,,,,,,,,,,,,,,,,,,,,,,,,,,,,,,9,,8,,,1,,,,,,,,
984188572,,,,,,,,1,10,,,,,,39,,1,,,,,,,,,88,,,,,,,,,,1,8,,,,,,,,,,,,,,,2,1,,,,,,,,,,1,1,,4,,,,,,,,,6,,,,,,,9,9,1,,,,9,,,,,,3,,,2,,,,3,3,3,,1,2,,,,,,,,,1,,,,4,,,,,1,,,,,,,,,,,,,,,,,,,,,,,1,,,,,,,,,,,,5,,3,,,,,,29,,,,,,,,,,,,,,,,,,,,,,,,,1,3,1,,,,2,,1,,,,,,,,1,2,,,,,,19,,10,3,3,,,,,,,,,,,,3,1,,,,,,,1,1,,,1,1,,,,1,,,,,10,10,6,3,,1,,1,,,1,,,,,,,,,,,,,,,,,,,,,,,,,1,,,,,,,,,,,,,,,,2,,,,,,,,12,,,,,,2,,1,,,,,,9,15,,31,,15,,,2,,,,,1,3,,8
984963797,,,,,,,,9,1,,,,,,11,,,,,,,,,,,61,1,,,,,,,,,,10,,,,,,,,,1,,,,,,1,8,,1,,,,,,,,,2,,3,,,9,16,,,,,1,,,,,,,1,,,,,,,,,,,,,,,,,,,,,,,,,,,,,,,3,,2,1,,,3,,,,9,,,,,,,,,,,,,,,,,,,,,,,,,,,,,,,,,,,,7,,7,,,,,,24,,9,,1,,,,,,,,,,,,,,,,,,,,,1,1,1,,,,1,,,,,,,,,,1,1,1,,,,1,,,,2,2,,,,,,,,,,,,2,,,,,,,,9,16,,1,9,2,10,,,6,,,,9,1,1,,,,9,9,7,2,,9,,,,1,,,,,,,,,,,,,,,,,,,,,,,,,,,,,,,,,,,,,,,,,,,,,4,,,,,,,,,,,,,,7,12,,16,,9,1,,1,,,,,1,1,,9
984995972,,,,,,,,,3,30,,,,,21,1,2,,,,,,,,,98,,2,,2,,2,,,,1,8,,,,,,,,,5,,,,,,4,,,,,,,,,,,3,,,,,,7,10,16,,,,,,,,,,,3,3,,,,,3,,,,,,,,29,3,1,,4,,,,,,,17,42,29,5,8,,,2,,,,,,,,,,,,,,,,,,,,,,,,,,,,,,,,,,,,,,,,,,,,,9,,3,,,,,,17,,5,,5,,3,,,,,,,,,,,,,,,,,,,4,5,1,,,,5,,2,,,,,,,,4,5,,,,,,15,,5,5,5,,,,,,,,,,,,5,3,,,,,,,,,,,,9,,,,,,,,,3,3,1,,30,,,,,,,,,,,,,,,,,,,,,,,,,,,,,,,5,,,,,,,,,,,,,,,,1,,,,,,,6,,,,,,,7,1,,,27,2,,,8,33,,31,,13,3,1,,,,,,2,,,1
985967022,,,,,,,,,2,,,,,,36,,,,,,,,,,,40,1,,,,,,,,,,10,,,,,,,,,1,,,,,,3,,,,,,,,,1,,1,,,,,,1,2,,,,,2,,,,,,,2,2,,,,,2,,,,,,,,,,,,,,,,,,,,,,,,,1,,,,,,,,,,,,,,,,,,,,,,,,,,,,,,,,,,,,,,,,,,,,,,1,,,,,,,,6,1,2,,1,,,,,,,,,,,,,,,,,,3,2,,2,2,1,,,,3,,,,,,,,,1,2,3,1,,,,,10,,5,3,3,,,,,,,,,,,1,3,,,,,,,,,,,,,,,,,,,,,,2,2,2,,,,,2,,,,,,,,,,,,,1,,,,,,,,,,,,,,,1,,,,,,,,18,,,,,,,,4,,,,,,,,3,,,,,,,,,,,,,,7,3,1,11,,7,2,,1,,,,,,,,2
987136022,,,,,,,,,1,,,,,,9,,,,,1,,,,,,15,,,,,,,,,,,4,,,,,,,,,,,,,,,1,,,,,,,,,,,1,1,,,,1,,,9,,,,1,,,,,,,1,1,,,,,1,,,,,,,,,,,,,,,,,,,,,,,,,,,,,,,,,,,,,,,,,,,,,,,,,,,,,,,,,,,,,,,,,,,,,,,,,,,,,,,18,,2,,,,,,,,,,,,,,,,,,,,,,,1,1,1,,,,1,,,,,,,,,,1,1,,,,,,,,,1,1,,,,,,,,,,,,1,1,,,,,,,,,,,,,,,,,,,,,1,1,,,,,,,,,,,,,,,,,,,,,,,,,,,,,,,,,,,,,,,,,,,,,1,,,,,,,,,,,,,,,,,,,,,,,,,,,7,1,,17,,4,1,,,,,,1,,,,
988104819,,,,,,,,4,,,,,1,,7,,,,,1,,,,,,27,,,,,,,,,,,12,,,,,,,,,2,,,,,,1,4,,,,,,,,,,,,,,,,3,3,7,,,,,,,,,,,,,,,,,,,,,,,,,,,,,,,,,,,,,,,,,,,,,,,,,,,,5,,,,,,,,,,,,,,,,,,,,,,,,,,,,,,,,,,,,,,,,,,,,6,,,,2,,,,,,,,,,,,,,2,,,,,,,1,1,,,,,1,,,,,,,,,,1,1,,,,,,1,,,1,1,,,,,,,,,,,,1,,,,,,,3,5,5,,15,4,1,2,,,5,,,,5,,,,,,4,4,4,1,,5,,,,2,,,,,,,,,,,,,,,1,,,1,1,,,,,,,,,,,,,,,,,,,,,,,,,,2,,,,,,,,,,,,,,,5,,1,,,,,,,,,,,,,4
992842572,,,,,,,,,2,,,,,,13,,,,,,,,,,,18,,,,,,,,,,,4,,,,,,,,,,,,,,,4,,,,,,,,,,,,,,,,,,,,,,,2,,,,,,,2,2,,,,,2,,,,,,,,,,,,,,,,,,,,,,,,,,,,,,,,,,,,,,,,,,,,,,,,,,,,,1,,,,,,,,1,1,1,3,1,,,,4,,,,,,,,,,1,,,,,,,,,,,,,,,,,,,,,,,,,4,4,,,,,4,,2,,,,,,,,4,4,,,,,,5,,,4,4,,,,,,,,,,,,4,,,,,,,,,,,,,,,,,,,,,,,,,,,1,,,,,,,,,,2,,9,,,,,,,,,,,,,,,,,,,,,,,,,,,,,,,,,,,,,,,,,,,,,,,,,,,,,,,,,3,,1,,1,,,,,,,1,,,,
994392422,,,,,,,,,,14,,,,,,1,,,,1,,,,,,69,2,1,,1,,1,,,,,6,,,,,,,,,,,,,,,2,,,,,,,,,,,1,,,,,,3,3,7,,,,,,,,,,,,,,,,,,,,,,,,,14,,,1,2,,,,,,,12,19,14,1,1,,,,,,,,,,,,,,,,,,,,,,,,,,,,,,,,,,,,,,,,,,,,,,,,5,,2,,,,,,20,,2,,,,3,,,,,,,,,,,,,,,,,,,2,2,1,,,,2,,1,,,,,,,,2,2,2,,,,,8,,8,4,4,,,,,,,,,,,,4,4,,,,,,,,,,,,3,,,,,,,,,,,,,14,,,,,,,,,,,,,,,,,,,,,,,,,,,,,,,,,,,,,,,,,,,,,,,,,,,,,,3,,,,,,,,,,,9,1,,,9,17,,26,,8,2,1,,,,,,2,,,
997792137,,,,,,,,,,,,,,,3,,,,,,,,,,,5,,,,,,,,,,,6,,1,,,,,,,,,,,,,1,,,,,,,,,,,1,1,,,,1,,,,,,1,,,,,,,,,,,,,,,,,,,,,,,,,,,,,,,,,,,,,,,,,,,,,,,,,,,,,,,,,,,,,,,,,,,,,,,,,,,,,,,,1,,,,,,,,,,,,,4,,,,,,,,,,,,,,,,,,,,,,,,,,1,,,,,1,,,,,,,,,,,1,,,,,,,,,1,1,,,,,,,,,,,,1,,,,,,,,,,,,,,,,,,,,,,,,,,,,,,,,,,,,,,,,,,,,,,,,,,,,,,,,,,,,,,,,,,,,,,,,,,,,,,,,,,,,,,,,,,,,,,,1,,,5,,6,,,1,,,,,,,,
998883131,,,,,,,,,,,,,,,,,,,,,,,,,,12,,,,,,,,,,,4,,,,,,,,,,,,,,,2,,,,,,,,,,,4,,,,,,,,,,,,,,,,,,,,,,,,,,,,,,,,,,,,,,1,1,1,,1,,,,,,,,,,,,,,,,,,,,,9,2,,,,,,,,,,,,,,,,,,,,,,,,,,,,,,,,,,,,,,,,35,,3,,,,,,,,,,,,,,,,,,,,,,,1,2,1,,,,2,,1,,,,,,,,1,2,,,,,,3,,3,2,2,,,,,,,,,,,,2,,,,,,,,,,,,,1,,,,,,,,,,,,1,,,,,,,,,,,,,,,,,,,,,,,,,,,,,,,,,,,,,,,,,,,,1,,,,,,,,,,,,,,,,,,,,,,,,,,14,1,,59,,24,19,,1,,,,,,,,
999458222,,,,,,,,,,,,1,,,1,,1,,,,,,,,,4,,,,,,,,,,,5,,,,,,,1,,,,,,,,1,,,,,,,,,,,,,,,,,,,,,,,,,,,,,,,,,,,,,,,,,,,,,,,,,,,,,,,,,,,,,,,,,,,,,,,1,,,,,,1,1,,,,,,,,,,,,,,,,,,,,,,,,,,,,,,,,,,,,,,,,,,,,,,,,,,,,,,,2,,,,,,,1,1,,,,,1,,,,,,,,,,1,1,,,,,,1,,,1,1,,,,,,,,,,,,1,,,,,,,,,,,,,,,,,1,,,,,,,,,,,,,1,,1,,,,,,,,,,,,,,,,1,1,,1,1,1,,1,,,,,,,,,,,,,,,,,,,,,,,,,,,,,,,,,,,,,,,,,1,,1,,1,,,,,,,,,,,
1000454930,,,,,,,,2,,,,,,,22,,,,,1,,,,,,35,,,,,,,,,,,7,,,,,,,,,,,,,,,5,1,1,,,,,,,1,2,9,2,,1,,1,,,13,,,,,,,,,,,,,,,,,,,,,,,,,,,,,,,,,,,,,,,,,,,,1,,,,1,,,,1,,,,,,,,,,,,,,,,,,,,,,,,,,1,1,1,2,1,,,,,,,,,,,,,,14,,8,,,,,,,,,,,,,,,,,,,,3,,,3,4,1,,,,5,1,,,,,,,,,3,5,,,,,,,,,5,5,,,,,,,,,,,,5,2,,,,,,,2,2,,1,2,2,1,,,1,,,,1,,,,,,1,1,1,,,1,,,,,,,,,,,,,,,,,,,,,,,,,,,,,,,,,,,,,,,,,1,,,,,,,,,,,,,,,,,,,,,,8,3,1,24,,18,2,1,1,2,2,,,,,,
1004044931,,10,,,,,,,7,7,,,,1,,,,,1,2,1,,,,,100,,3,1,3,,3,,,,,9,,,,,,,,,,,,,,,6,,,,,,,,,,,,,,,,,,,32,,,,2,,,,1,,,7,5,,,,,5,,,,,,,,6,7,3,1,6,,,,,,,7,11,4,,,,,,,,,,,,,,,,,,,,,,,,,,,,,,,,,,,,,,,,,,,,,,,,,,6,,5,,,,,,8,,1,,,,1,,,,,,,,,,,,,,,,,,,6,7,1,,,,6,,5,,,,,,,,6,6,,,,,,20,,14,7,7,,,,,,,,,,,,7,,,,,,,,3,,,,,1,,,,1,,,,,7,7,1,,7,,,,,1,,,,,,,,,,,,,,,,,,,,,,,,,,2,,,,,,,,,2,,,,,,,,,,,,,,7,,,,,,,14,3,,3,8,2,,,,19,,6,,2,,,,,,,1,1,,,5
1005218131,,,,,,,,,1,6,,,,,16,,2,,,1,,,,,,38,,,,,,,,,,,5,,,,,,,,,,,,,,,2,,,,,,,,,,,1,,,1,,,1,1,15,,,,,,,,,,,1,1,,,,,1,,,,,,,,7,3,,,,,,,,,,2,7,6,3,1,,1,,1,,,,1,,,,,,,,,,,,,,,,,,,,,,,,,,,,,,,,,,,,,,,,,,,,,,,,18,,,,,,2,,,,,,,,,,,,,,,,,,,2,2,1,,,,2,,1,,,,,,,,2,2,,,,,,,,,2,2,,,,,,,,,,,,2,1,,,,,,,,,,,,3,,,,,,,,,1,1,,,6,,,,,,,,,,,,,,,,,,,,,,,,,,,,,,,,,,,,,,,,,,,,1,,,,,,,,,,,,,,,,,5,,2,,5,,,,6,7,,21,,7,,,,,,,,,1,,1
1006457171,,,,,,,,1,,,,,,,9,,,,,,,,,,,12,,,,,,,,,,,4,,,,,,,,,,,,,,,1,1,,,,,,,,,,,,,,,,,,8,,,,,,,,,,,,,,,,,,,,,,,,,,,,,,,,,,,,,,,,,,,,,,,,,,,,1,,,,,,,,,,,,,,,,,,,,,,,,,,,,,,,,,,,,,,,,,,,,1,,,,,,,,,,,,,,,,,,,,,,,,,1,2,,,,,2,,,,,,,,,,1,2,,,,,,,,,2,2,,,,,,,,,,,,2,,,,,,,,1,1,,,1,,,,,1,,,,1,,,,,,1,1,,1,,1,,,,,,,,,,,,,,,,,,,,,,,,,,,,,,,,,,,,,,,,,,,,,,,,,,,,,,,,,,,,,,,,1,,,,,,,,,,,,,,,
1008849822,,18,,,,,,,,,,,,,6,,,,,1,,,,,,10,,,,,,,,,,,4,,,,,,,,,,,,,,,1,,,,,,,,,,,1,,,,,,,,,,,,,,,,,,,,,,,,,,,,,,,,,,,,,,,,,,,,,,,,,,,,,,,,,,,,,,,,,,,,,,,,,,,,,,1,,,,,,,,1,,1,1,,,,,,,,,,,,,,,11,,,,,,,,,,,,,,,,,,,,,,,,,1,1,1,,,,1,,,,,,,,,,1,1,,,,,,3,,,1,1,,,,,,,,,,,,1,1,,,,,,,,,,,,,,,,,,,,,,,,,,,,,,,,,,,,3,,6,,,,,,,,,,,,,,,,,,,,,,,,,,,,,,,,,,,,,,,,,,,,,,,,,,,,,,,,6,1,,10,,,1,,,,,,,,,,
1009303132,,,,,,,,,,4,,,,,7,,3,,,,,,,,,23,,1,,1,,1,,,,,17,,,,,,,,,1,,,,,,3,,,,,,,,,2,,2,1,,1,,,2,5,,,,,,,,,,,,,,,,,,,,,,,,,,4,3,,,2,,,,,,,4,12,4,,,,,,,,,,1,,,,,,,,,,,,,,,,,,,,,,,,,,,,,,,,,,,,,,,,2,,2,,,,1,,19,1,3,,1,,1,,,,,,,,,,,,,,,,,,,1,3,1,,,,3,,1,,,,,,,1,1,3,,,,,,,,,3,3,,,,,,,,,,,1,3,1,,,,,,,,,,,,,,,,,,,,,,,,,4,,,,,,,,,,,,,,,,,,,,,,,,,,,,,,,,,,,,,,,8,,,,,,,,,,,,,,,3,5,,,,,,3,,,,10,1,,,12,4,2,21,,7,,,,,,,,,,,
1019765537,,,,,,,,,,,,4,,,,,1,,,,,,,,,60,,,,,,,,,,,11,,,,,,,,,,,,,,,3,,,,,,,,,,,2,2,,2,,,1,1,30,,,,,,,,,,,,,,,,,,,,,,,,,,,,,,,,,,,,,,,,,,2,,4,,,,2,,,,4,,,,,,,4,4,,,,,,,,,,,,,,,,,,,,,,,1,,,,,,,,,,,,,12,4,3,,,,,,,,,,,,,,,,8,,,,,,,3,3,1,,,,3,,1,,,,,,,,3,3,,,,,,4,,,3,3,,,,,,,,,,,4,3,,,,,,,,,,,,,,,,,4,,,,4,,,,,,,,4,,,4,,,,,,,,,,,,,,,4,4,,4,4,,4,,4,,,,,,,,,,,,,,,,,,,,,,,,,,,,,,,1,,,,,,,,,3,4,,10,,11,,,1,,,,,,,,4
1020022731,,,,,,,,,,,,,,,1,,,,,1,,,,,,6,,,,,,,,,,,4,,,,,,,,,,,,,,,1,,,,,,,,,,,,,,,,,,,,,,,,,,,,,,,,,,,,,,,,,,,,,,,,,,,,,,,,,,,,,,,,,,,,,,,,,,,,,,,,,,,,,,,,,,,,,,,,,,,,,,,,,,,,,,,,,,,3,,,,,,,,,,,,,,,,,,,,,,,,,,1,,,,,1,,1,,,,,,,,,1,,,,,,,,,1,1,,,,,,,,,,,,1,,,,,,,,,,,,,,,,,,,,,,,,,,,,,,,,,,,,,,,,,,,,,,,,,,,,,,,,,,,,,,,,,,,,,,,,,,,,,,,,,,,,,,,,,,,,,,,2,,,4,,1,,,,,,,,,,,
1021055532,,,,,,,,,,,,2,,,5,,,,,,,,,,,16,,,,,,,,,,,11,,,,,,,,,,,,,,,2,,,,,,,,,,,,1,,1,,,,,,,,,,,,,,,,,,,,,,,,,,,,,,,,,,,,,,,,,,,,,,,1,,1,,,,1,,,,2,,,,,,,2,2,,,,,,,,,,,,,,,,,,,,,,,,,,,,,,,,,,,,4,,,,,,,,,,,,,,,,,,4,,,,,,,2,2,,,,,2,,2,,,,,,,,2,2,,,,,,2,,,2,2,,,,,,,,,,,,2,,,,,,,,,,,,,,,,,2,,,,2,,,,,,,,2,,,2,,,,,,,,,,,,,,,2,2,,2,2,,2,,2,,,,,,,,,,,,,,,,,,,,,,,,,,,,,,,,,,,,,,,,,2,,2,,2,,,,,,,,,,,2
1022094655,,,,,,,,,,6,,,,,,,,,,,,,,,,22,,1,,1,,1,,,,,4,,,,,,,,,,,,,,,1,,,,,,,,,,,,,,,,,,,11,,,,,,,,,,,,,,,,,,,,,,,,,6,,,,2,,,,,,,3,7,6,,3,,,,,,,,,,,,,,,,,,,,,,,,,,,,,,,,,,,,,,,,,,,,,,,,,,,,,,,,9,,,,,,1,,,,,,,,,,,,,,,,,,,1,1,1,,,,1,,1,,,,,,,,1,1,,,,,,2,,2,1,1,,,,,,,,,,,,1,1,,,,,,,,,,,,3,,,,,,,,,,,,,6,,,,,,,,,,,,,,,,,,,,,,,,,,,,,,,,,,,,,,,,,,,,,,,,,,,,,,3,3,,,,,,,,,,5,1,,,1,6,,9,,2,,,1,,,,,,,,
1025745019,,,,,,,,1,3,13,,,,,,,4,1,,,,,,,,72,,1,,1,,1,,,,1,14,,,,,,,,,10,,,,,,3,1,,,,,,,,,,,1,,1,,,11,379,,,,,2,,,,,,,2,2,,1,,,2,,,,,,,,14,,,1,2,,,,,,,8,18,13,,5,,1,,,,,1,1,,,,1,,,,,,,,,,,,,,,,,,,,,,,,,,1,1,1,2,1,,,,,,11,,9,,,,,,9,6,368,,10,,2,,,,,,,,,,,,,,,,,,,3,4,1,,,,3,,1,,,,,,,,3,3,,,,,,8,,2,4,4,,,,,,,,,,,6,4,,,,,,,,1,5,,,1,7,5,,,1,,,,1,2,2,1,,13,1,1,,1,,1,,,,,,,,,,,,,,,,,,,,,,,,,2,,,,,,,,18,,,,,,,,,,,,,,,3,12,,,,,,,,,,13,1,,,6,19,,9,,7,,,,,,,,2,,,2
1030237455,,,,,,,,,11,1,,,,,76,,,,,,,,,,,150,,,,,,,,,,,25,2,,,,,,,,1,,,,,,10,,,,,,,,,1,,2,4,,5,1,1,3,3,,,,,11,,,,,,,9,9,1,1,,,9,,,,,,,,1,1,,,,,,,,,,,,1,,1,,4,,3,,,,5,,,,,,,11,4,,,,,,,,,,,,,,,,,,,,,,1,,1,1,,,,,,,2,,2,,,,4,,84,5,12,,,,,,,,,,,,,,,,,,,,,,,8,10,1,,,1,10,,9,,,,,,,4,8,10,,,,,,4,,4,10,10,,,,,,,,,,,5,10,1,,,,,,,,,,,,3,,,,,,,,,5,5,1,,1,,,,,,,,,,,,,,,,,,,,,,,,,,,,,,,,,,,,,,,68,,,,,,,1,,,,,,,,,14,1,2,,,,1,,,,,,,,23,11,1,127,,70,35,,1,,,,2,,3,,5
1031964862,,,,,,,,,10,,,1,1,,46,,,,,,,,,,,123,,,,,,,,,,2,20,,,,,,,,,,,,,,,9,,,,,,,,,,,1,2,,10,,,2,3,,,,,10,,,,,,,9,8,,1,,,8,,,,,,,,,,,,,,,,,,,,,,,,,7,,10,5,,1,10,,,,2,,,,,,,2,2,,,,,,,,,,,,,,,,1,,,,,,,,,,,,,,,,,,4,,33,5,21,,,,,,,,,,,,,,,,4,,,,,,,5,9,1,,,,9,,4,,,,,,,4,5,9,,,,,,18,,13,9,9,6,,,,,,,,,,5,9,1,,,,,,,,,,,,2,,,,2,,,,2,10,10,5,,,,,,2,,2,,,,,,,,3,,,,,,,2,2,,2,2,,2,,2,,1,,,,,,,,,,,,,,,,,,,,,,,,,,,,,,,,,,,,,,11,12,,42,,31,4,,1,,,,,,8,,12
1034247249,,,,,,,,,,2,,,,,7,,,,,,,,,,,10,,2,,2,,2,,,,,4,,,,,,,,,,,,,,,2,,,,,,,,,,,1,,,,,,,,,,,,,,,,,,,,,,,,,,,,,,,,,2,,,,4,,,,,,,2,5,2,,,,,,,,,,,,,,,,,,,,,,,,,,,,,,,,,,,,,,,,,,,,,,,,,,,,,,,,,,12,,1,,,,1,,,,,,,,,,,,,,,,,,,2,2,1,,,,2,,1,,,,,,,,2,2,,,,,,,,,2,2,,,,,,,,,,,,2,,,,,,,,,,,,,,,,,,,,,,,,,,2,,,,,,,,,,,,,,,,,,,,,,,,,,,,,,,,,,,,,,,,,,,,,,,,,,,,,,6,1,,,,,,,,,,4,2,,,6,2,,13,,3,1,,1,,,,,,,,
1034575849,,,,,,,,,,4,,,,,23,,,,,,,,,,,47,1,1,,1,,1,,,,,14,,,,,,,,,,,,,,,2,,,,,,,,,,,2,1,,2,,,1,2,,,,,,,,,,,,,,,,,,,,,,,,,,4,,,,2,,,,,,,1,4,4,3,,,2,,,,,,2,,,,,,,,,,,,,,,,,,,,,,,,,,,,,,,,,,,,,,,,,,,,,,,,19,1,2,,,,1,,,,,,,,,,,,,,,,1,,,2,2,1,,,,2,,,,,,,,,,2,2,1,,,,,,,,3,3,,,,,,,,,,,1,3,1,,,,,,,1,,,,,,,,,,,,,,,,,,4,,,,,,,,,,,,,,,,,,,,,,,,,,,,,,,,,,,,,,,,,,,,,,,,,,,,,,3,,,,,,,,,,,,1,,,10,6,,20,,4,2,,1,,,,,,1,,
1034583255,,,,,,,,,,1,,6,1,,149,,3,,,,,,,,,179,,,,,,,,,,,19,,,,,,,,,1,,,,,,3,,,,,,,,,,,5,5,,7,,,2,31,,,,,,,,,,,,,,,,,,,,,,,,,,1,,,,,3,3,3,,1,,1,5,1,,,,2,1,7,5,,2,7,,,,7,,,,,,,7,7,,,,,,,,,,,,,,,,,,,,,,,,,,,,,,,,,,1,,41,6,52,,1,,,,,,,,,,,,,,14,,,,20,,,3,4,1,,,,3,,1,,,,,,,1,3,3,,,,,,9,,2,4,4,,,,,,,2,,,,6,3,1,,,,,,,,,,,,4,,,,6,,,,7,,,,3,1,,,6,1,,7,,,,,,,,,,,,,,,7,6,,7,7,,6,,7,,,,,,,,,,,,,,,,,,9,,,,,,,,,,,,,,,,,,5,,,,34,13,,56,,48,2,,,,,,1,2,2,,7
1037079397,,,,,,,,,,,,,,,14,1,,,,,,,,,,28,,,,,,,,,,,4,,,,,,,,,,,,,,,4,,,,,,,,,,,1,,,,,,,,14,,,,,,,,,,,,,,,,,,,,,,,,,,,,,,,,,,,,,,,,,,,,,,,,,,,,,,,4,,,,,,,,,,,,,,,,,,,,,,,,,,,,,,,,,,,,,,,,,22,,3,,,,,,,,,,,,,,,,,,,,,,,1,5,1,,,,5,,1,,,,,,,,1,5,,,,,,,,,5,5,,,,,,,,,,,,5,1,,,,,,,,,,,,,,,,,,,,,,,,,,,,,,,,,,,,,,,,,,,,,,,,,,,,,,,,,,,,,,,,,,,,,,,,,,,,,,,,,,,,,,,,,,,,,,9,,,28,,5,7,1,1,,,,,,,,
1039495849,,,,,1,,,,8,1,,,1,,11,,,,,,,,,,,50,1,,,,,,,,,,7,,,,,,,,,,,,,,,3,,,,,,,,,,,,,,,,,,,11,,,,8,,,,,,,8,7,,,,,7,,,,,,,,1,,,,,,,,,,,,1,1,1,,,,,,,,,,,,,1,,,,,,,,,,,,,,,,,,,,,,,,,1,3,1,3,3,1,,,,,,,,,,,,,,,,,,,,,,,,,,,,,,,,2,,,,,,,4,3,,,,,3,,,,,,,,,,4,3,1,,,,,8,,6,4,4,,,,,,,,,,,,4,,,,,,,,,,,,,1,,4,,1,,,1,,8,8,4,,1,,,,1,,1,,,,,,,,,,,,,,,1,1,,1,1,,1,,1,,2,,,,,,,,,,,,,,,,,,,,,,,,13,,,,,,,,,,,,,,,11,,2,,2,,,,,,,,,,,8
1046167971,,,,,,,,,,7,,,,,1,,2,,,,,,,,,47,,2,,2,,2,,,,,4,,,,,,,,,,,,,,,3,,,,,,,,,,,1,,,,,,1,6,,,,,,,,,,,,,,,,,,,,,,,,,,7,,,1,4,,,,,,,4,7,7,1,2,,,,,,,,,,,,,,,,,,,,,,,,,,,,,,,,,,,,,,,,,,,,,,,,1,,,,,,,,14,,5,,,,,,,,,,,,,,,,,,,,,,,3,3,1,,,,3,,2,,,,,,,,3,3,,,,,,1,,1,3,3,,,,,,,,,,,,3,1,,,,,,,,,,,,4,,,,,,,,,,,,,7,,,,,,,,,,,,,,,,,,,,,,,,,,,,,,,,,,,,,,,,,,,,,,,,,,,,,,6,,,,,,,,,,,4,2,,,7,9,,15,,1,1,,,,,,,,,,
1047826532,,,,,,,,,,2,,1,,,35,,,,,,,,,,,26,,,,,,,,,,,7,,,,,,,,,1,,,,,,1,,,,,,,,,,,4,1,,1,,,1,1,9,,,,,,,,,,,,,,,,,,,,,,,,,2,,,,,,,,,,,2,5,2,,,,,,1,,,,1,,,,1,,,,,,,1,1,,,,,,,,,,1,,,,,,,,,,,,,,,,,,1,,,,,,,,23,,,,1,,1,,,,,,,,,,,,2,,,,11,,,1,2,1,,,,1,,1,,,,,,,,1,1,,,,,,2,,,2,2,,,1,1,,,,,,,,2,1,,,,,,,,,,,,1,,,,1,,,,1,,,,,2,,,1,,,1,,,,,1,,,,,,,,,,,1,1,,1,1,1,,1,,,,,,,,,,,,,,,,,,8,1,1,,,,,,,,,,,,,,,,5,,,,20,4,,28,,13,3,,,,,,,,,,1
1048477737,,,,,,,,,,1,,,,,1,,,,,,,,,,,4,,,,,,,,,,,4,,,,,,,,,,,,,,,1,,,,,,,,,,,,,,,,,,,,,,1,,,,,,,,,,,,,,,,,,,,,,1,,,,,,,,,,,1,1,1,,,,,,,,,,,,,,,,,,,,,,,,,,,,,,,,,,,,,,,,,,,,,,,,,,,,,,,,,,1,,,,,,,,,,,,,,,,,,,,,,,,,1,1,,,,,1,,1,,,,,,,,1,1,,,,,,,,,1,1,,,,,,,,,,,,1,,,,,,,,,,,,,,,,,,,,,,,,,,1,,,,,,,,,,,,,,,,,,,,,,,,,,,,,,,,,,,,,,,,,,,,,,,,,,,,,,,,,,,,,,,,,,,,,,1,,3,,2,,,,,,,,,,,
1050150862,,,,,,,,,,,,1,,,3,,,,,,,,,,,6,,,,,,,,,,,4,,,,,,,,,1,,,,,,1,,,,,,,,,,,1,,,,,,,,,,,,,,,,,,,,,,,,,,,,,,,,,,,,,,,,,,,,,,,,,,,,,,,,,,,,1,,,,,,1,1,,,,,,,,,,,,,,,,,,,,,,,,,,,,,,,,,,,,,6,,,,1,,,,,,,,,,,,,,2,,,,,,,1,1,1,,,,1,,1,,,,,,,,1,1,,,,,,1,,,1,1,,,,,,,,,,,,1,,,,,,,,,,,,,1,,,,1,,,,,,,,,,1,,,1,,1,,,,,,,,,,,,,,,,,,,1,,,1,1,,,,,,,,,,,,,,,,,,,,,,,,,,,,,,,,,,,,,,,,2,1,,5,,1,,,,,,,,,,,
1050731849,2,,,,,,,,5,,,,,,23,,,,,,2,,,,,44,,,,,,,,,,,7,,,,,,,,,2,,,,,,1,,,,,,,,,,,,,,,,,1,1,,,,,3,,,,1,,,4,4,,1,,,4,,,,,,,,,,,,,,,,,,,,,,,,,,,,,,,,,,1,,,,,,1,,,,,,,,,,,,,,,,,,,,,,,,,,,,,,,,,,,,,,,2,,,,2,,,,,,,,,,,,,,,,,,,,,3,3,,,,,1,,1,,1,,,,1,1,3,1,,,,,,7,,6,3,3,4,,,,,,,,,,,3,,,,,,,,,,,,,,,,,,,,,,5,5,,,,,,,,,,,,,,,,,,,,,,,,,,,,,,,,,,,1,,,,,,,,,3,,1,,,,,,,,,,,1,2,,,,,,,,,,,,,,,6,,2,,,,,,,,,,1,,,2
1052541019,,,,,,,,,9,,,,,,13,,,,1,1,1,,,,,64,,,,,,,,,,,9,,,,,,,,,,,,,,,3,,,,,,,,,,,,,,,,,2,2,,,,,9,,,,,,,9,9,,,,,9,,,,,,,,1,,,,1,,,,,,,,,,,,,,,,,,,,,,,,,,,,,,,,,,,,,,,,,,,,,,,,,,,,,,,,,,,,,,,,,,,2,,,,,,,,,,,,,,,,,,,,,,,2,,4,4,,,,,3,,2,,,,,,,,4,3,,,,,,6,,6,4,4,,,,,,,,,,,,4,,,,,,,,,,,,,,,,,,,,,,9,9,2,,,,,2,,,,,,,,,,,,,,,,,,,,,,,,,,,,1,,,,,,,,,,,,,1,,,,,,,,,,,,,,,,,,,,,,,,,,9,,3,,1,,,,,,,,,,,8
1056699819,,,,,,,,,,,,,,,,,,,,,,,,,,2,,,,,,,,,,,4,,,,,,,,,,,,,,,1,,,,,,,,,,,,,,,,,,,,,,,,,,,,,,,,,,,,,,,,,,,,,,,,,,,,,,,,,,,,,,,,,,,,,,,,,,,,,,,,,,,,,,,,,,,,,,,,,,,,,,,,,,,,,,,,,,,6,,,,,,,,,,,,,,,,,,,,,,,,,,1,,,,,1,,,,,,,,,,,1,,,,,,,,,1,1,,,,,,,,,,,,1,,,,,,,,,,,,,,,,,,,,,,,,,,,,,,,,,,,,,,,,,,,,,,,,,,,,,,,,,,,,,,,,,,,,1,,,,,,,,,,,,,,,,,,,,,,,,,,,5,,,7,,1,,,1,,,,,,,,
1057162372,,,,,,1,,,,,,3,,,10,,,,,,,,,,,9,,,,,,,,,,,11,,,,,,,,,,,,,,,1,,,,,,,,,,,,,,,,,,,,1,,,,,,,,,,,,,,,,,,,,,,,,,,,,,,,,,,,,,,,,,1,,2,,,,,,,,3,,,,,,1,3,2,,3,1,,,,,,,,,,,,,,,,,,,,,,,,,,,,,,,,,5,,,,,1,,,,,,,,,,,,,10,,,,,,,1,1,,,,,1,,,,,,,,,,1,1,,,,,,5,,,1,1,,,,,,,,,,,,1,,,,,,,,,,,,,,,,,3,,,,,,,,,,,,2,1,,3,,1,,,,,,,,,,,,,2,3,1,2,3,1,3,,3,2,,,,,,,,,,,,,,,,,,,,1,,1,1,,,,,,,,,,,,,,,,,3,,2,,2,,,,,,,,,,,2
1059224597,,,,,,,,,,,,,,,2,,,,,,,,,,,4,,,,,,,,,,,4,,,,,,,,,,,,,,,1,,,,,,,,,,,1,,,,,,,,,,,,,,,,,,,,,,,,,,,,,,,,,,,,,,,,,,,,,,,,,,,,,,,,,,,,,,,,,,,,,,,,,,,,,,,,,,,,,,,,,,,,,,,,,,,,,,,,8,,,,,,,,,,,,,,,,,,,,,,,,,,1,1,,,,1,,1,,,,,,,,,1,,,,,,,,,1,1,,,,,,,,,,,,1,1,,,,,,,,,,,,,,,,,,,,,,,,,,,,,,,,,,,,,,,,,,,,,,,,,,,,,,,,,,,,,,,,,,,,,,,,,,,,,,,,,,,,,,,,,,,,,,2,,,8,,2,,,,,,,,,,,
1061826730,,,,,,,,,,,,1,,,3,,,,,,,,,,,3,,,,,,,,,,,4,,,,,,,,,,,,,,,,,,,,,,,,,,,,,,,,,,,,,,,,,,,,,,,,,,,,,,,,,,,,,,,,,,,,,,,,,,,,,,,,,,,,,,1,,,,,,1,1,,,,,,,,,,,,,,,,,,,,,,,,,,,,,,,,,,,,,,,,,,,,,,,,,,,,,,,32,,,,,,,1,1,,,,,1,,,,,,,,,,1,1,,,,,,27,,,1,1,,,,,,,,,,,,1,,,,,,,,,,,,,,,,,1,,,,,,,,,,,,,1,,1,,,,,,,,,,,,,,,1,1,,1,1,,1,,1,4,,,,,,,,,,,,,,,,,,,,,,,,,,,,,,,,,,,,,,,,2,,,,,,,,,,,,,,,
1066476262,,,,,,,,2,,,,1,1,,16,1,,,,,,,,,,52,,,,,,,1,,,,20,,,,,,,,,3,,,,,,4,2,,,,,,,,1,10,11,3,,4,,,1,1,,,,2,,,,,,,,,,,,,,,,,,,,,,,,,,,,,,,,,,,,,,,3,2,1,3,,2,4,,,,4,,,2,,,,2,2,,,,,,,,,,,,,,,,,,,,,,,,,,,,,,,,,,1,,40,1,19,,3,,,,,,,,,,,,,,4,,,,,,,6,10,1,,,,4,,1,,,,,,,1,6,4,,,,,,2,,,10,10,,,,,,,,,,,1,10,2,,,,,,,4,1,,,2,3,,,,4,,,,3,,,,,,2,2,2,2,,4,,,,,,,,,,,,,,,1,,,1,2,,,1,2,,,,,,,,,,,,,,,,1,,2,,,,,,,1,,,,,,,,,,,,,,,28,4,1,74,,54,4,1,,10,10,,,1,1,,4
1068117462,,,,,,,,,,,,3,5,,16,,,,,,,,,,,39,,,,,,,,,,,10,,,,,,,,,,,,,,,1,,,,,,,,,,,,,,,,,,,,,,,,,,,,,,,,,,,,,,,,,,,,,,,,,,,,,,,,,,,,,,,,,,,,,,,8,,,,,,,8,8,,4,2,,,,,,,,,,,,,,,,,,,,,,,,,,,,,,,,,8,,,,,,,,,,,,,,,,,,16,,,,,,,1,1,,,,,1,,1,,,,,,,,1,1,,,,,,8,,,1,1,,,,,,,,,,,,1,,,,,,,,,,,,,1,,,,6,,,,8,,,,,,,,3,5,,8,,,,,,,,,,,,,,,8,7,,8,8,,7,,8,,,,,,,,,,,,,,,,,,,,,,,,,,,,,,,,,,,,,,,,,8,,1,,1,,,,,,,,1,,,8
1073493937,,,,,,,,,,,,1,1,,4,,,,,,,,,,,8,,,,,,,,,,,9,,,,,,,,,,,,,,,1,,,,,,,,,,,,,,,,,,,,,,,,,,,,,,,,,,,,,,,,,,,,,,,,,,,,,,,,,,,,,,,,,,,,,,,2,,,,,,1,2,1,,,,,,,,,,,,,,,,,,,,,,,,,,,,,,,,,,,,1,,,,,,,,,,,,,,,,,,4,,,,,,,1,1,,,,,1,,,,,,,,,,1,1,,,,,,2,,,1,1,,,,,,,,,,,,1,,,,,,,,,,,,,1,,,,2,,,,1,,,,,,,,1,1,,2,,,,,,,,,,,,,,,1,1,1,1,2,1,1,,2,,,,,,,,,,,,,,,,,,,,,,,,,,,,,,,,,,,,,,,,,2,,,,,,,,,,,,,,,1
1074130730,,,,,,,,3,2,,,1,,,24,4,,,,1,,,,,,51,,,,,,,,,,,11,,,,,,,,,,,,,,,5,3,,,,,,,,,,1,2,,3,,,2,2,23,,,,2,,,,,,,2,2,,,,,2,,,,,,,,,,,,,,,,,,,,,,,,,3,,3,2,,1,3,,,,3,1,,,,,1,1,,,,,,,,,,,,,,,,,,,,,,,,,,,1,,,,,,,,,,20,,7,,,,,,,,,,,,,,,,2,,,,,,,4,5,1,,,,5,,3,,,,,,,,4,5,,,,,,2,,1,5,5,,,,,,,,,,,,5,1,,,,,,1,2,3,,3,2,2,1,,,4,,,,3,,,,,,3,3,2,2,,4,,,,1,1,3,,,,,,,,,,,,,1,,,1,1,,,,2,,,,,,,,,,,,1,,,,,,,,,,,,,,,,,,,,,,,,6,6,,22,,9,6,3,1,,,,,1,1,,2
1077249255,,,,,,,,4,7,,,,,,33,,1,,,,,,,,,91,,,,,,,,,,,10,,,,,,,,,5,,,,,,5,4,,,,,,,,,,1,2,,2,,,1,1,,,,,7,,,,,,,7,6,,,,,6,,,,,,,,,,,,,,,,,,,,,,,,,4,,4,2,,,2,,,,4,,1,,,,,,,,,,,,,,,,,,,,,,,,,,,,,,,,,,,,,,,,,,23,,4,,5,,,,,,,,,,,,,,,,,,,,,4,5,1,,,,5,1,4,,,,,,,,4,5,,,,,,5,,5,5,5,,,,,,,,,,,,5,1,,,,,,,3,4,1,1,2,2,2,,,4,,,,3,7,7,,,,4,3,3,1,,4,,,,,2,,,,,,,,,,,,,,,,,,,,1,1,,,,,,,,,,,,,,,2,,,,,,,,9,,,,,,,,,,,,,,6,13,,20,,7,2,,1,,,,,1,,,4
1078790055,,,,,,,,,1,,,,,,12,,,,,,,,,,,28,,,,,,,,,,,5,,,,,,,,,,,,,,,2,,,,,,,,,,,1,,,2,,,,,,,,,1,,,,,,,1,1,,,,,1,,,,,,,,,,,,,,,,,,,,,,,,,2,,1,2,,,2,,,,,,,,,,,,,,,,,,,,,,,,,,,,,,,,,,,,,,,,,,,,,,,,19,,10,,,,,,,,,,,,,,,,,,,,,,,2,8,1,,,,2,,2,,,,,,,,2,2,,,,,,1,,1,8,8,,,,,,,,,,,,7,1,,,,,,,,,,,,,,,,,,,,,1,1,1,,,,,,,,,,,,,,,,,,,,,,,,,,,,,,,,,,,,,,,,,,,,,,,,,,,,,,,,,,,,,,,,,,,,,,,7,3,,25,,12,3,,,,,,1,,2,,1
1078792332,,,,,,,,,1,,,4,2,,20,,,,,,,,,,,60,,,,,,,,,,,8,,,,,,,,,,,,,,,5,,,,,,,,,1,2,,2,,3,,,1,2,,,,2,1,,,,,,,1,1,,,,,1,,,,,,,,,,,,,,,,,,,,,,,,,3,,3,,,,3,,,,5,,,,,,1,6,4,,,,,,,,,,,,,,,,,,1,1,1,2,1,,,,,,,,,,,,,,16,,14,,,,,,,,,,,,,,,,12,,,,,,,5,7,1,,,,6,,2,,,,,,,,5,6,,,,,,11,,5,7,7,,,,,,,,,,,,6,,,,,,,,,,,,,1,,,,5,,,,4,1,1,1,,,,,4,1,,5,,,,,,,,,,,,,,,5,5,1,5,6,1,5,,6,,,,,,,,,,,,,,,,,,,,,,,,,,,,,,,,,,,,,,,,3,7,1,26,,27,1,,,2,2,,,1,1,,5
1080380372,,,,,,,,,,,,4,,,11,,,,,,,,,,,4,,,,,,,,,,,7,,,,,,,,,,,,,,,,,,,,,,,,,,,,,,,,,,,,,,,,,,,,,,,,,,,,,,,,,,,,,,,,,,,,,,,,,,,,,,,,,,,,,,4,,,,,,2,4,2,,1,1,,,,,,,,,,,,,,,,,,,,,,,,,,,,,,,,,2,,,,,,,,,,,,,,,,,,11,,,,,,,2,2,,,,,2,,,,,,,,,,2,2,,,,,,6,,,2,2,,,,,,,,,,,,2,,,,,,,,,,,,,1,,,,4,,,,,,,,,,,,1,3,,4,,,,,,,,,,,,,,,4,3,,4,4,,3,,4,1,,,2,,,,,,,,,,,,,,,,,,,,,,,,,,,,,,,,,,,,,4,,,,,,,,,,,,,,,2
1081743819,,,,,,,,4,10,,,,,,29,2,,,,3,,,,,,104,,,,,,,,,,,12,,,,,,,,,,,,,,,6,3,1,,,,,,,,,,1,,6,,,5,6,,,,,9,,1,,,,,9,10,1,,1,,10,,,,1,,,,,,,,,,,,,,,,,,,,,4,,7,2,1,,6,,,,4,,,,,,,,,,,,,,,,,,,,,,,,,,,,,,,,,,,,,,,,,,,,24,,6,,,,,,,,,,,,,,,,,,,,,,,6,7,1,,,,7,,5,,,,,,,,6,7,,,,,,7,,6,7,7,,,,,,,,,,,,7,1,,,,,,,4,4,,,4,,,,,4,,,,4,10,10,4,,,4,4,4,,,4,,,,,,,,,,,,,,,,,,,,,,,,,,,,,,,,,,,,,1,1,,,2,,,,,,,,,,,,,,,,,,,,,,2,14,,22,,16,4,1,,,,,,2,5,,14
1083206462,,,,,,,,1,,1,,,,,11,,,,,,,,,,,26,,,,,,,,,,,8,,,,,,,,,2,,,,,,1,1,,,,,,,,,,,,,,,,1,2,,,,,,,,,,,,,,,,,,,,,,,,,,1,4,2,,,,,,,,,,2,1,,1,,1,,1,,,,,,,,1,,,,,,,,,,,,,,,,,,,,,,,,,,1,1,1,2,1,,,,,,,,,,,,,,5,,1,,2,,,,,,,,,,,,,,,,,,,,,1,1,1,,,,1,,1,,,,,,,,1,1,,,,,,,,,1,1,,,,,,,,,,,,1,,,,,,,,1,1,,,1,1,,,,1,,,,,,,,,1,1,1,1,,,1,,,,,,,,,,,,,,,,,,,,,,,,,,,,,,,,,,,,,,,,,,,,,,,,,,,,,,,6,2,1,,2,,,,,2,,3,,1,,,,,,,,,,,1
1084457937,,,,,,,,,,1,,1,,,9,,,,,,,,,,,13,,,,,,,,,,,9,,,,,,,,,,,,,,,1,,,,,,,,,,,,,,,,,,,,,,,,,,,,,,,,,,,,,,,,,,,,1,,,,,,,,,,,1,1,1,,,,,,,,,,,,,,1,,,,,,,1,1,,,,,,,,,,,,,,,,,,1,1,1,1,1,,,,,1,,,,,,,,,1,,,,,,,,,,,,,,,,,,2,,,,,,,1,1,,,,,1,,,,,,,,,,1,1,,,,,,1,,,1,1,,,,,,,,,,,,1,,,,,,,,,,,1,,,,,,1,,,,1,,,,,1,,,1,,,1,,,,,,,,,,,,,,,1,1,,1,1,,1,,1,,,,,,,,,,,,,,,,,,,,,,,,,,,,,,,,,,,,,,,,,2,,,,,,,,,,,,,,,1
1087654331,,,,,,,,,,1,,,,,2,,,,,,,,,,,1,,1,,1,,1,,,,,6,,,,,,,,,,,,,,,,,,,,,,,,,,,,,,,,,,,,,,,,,,,,,,,,,,,,,,,,,,,1,,,,2,,,,,,,1,5,1,,,,,,,,,,,,,,,,,,,,,,,,,,,,,,,,,,,,,,,,,,,,,,,,,2,,,,,,,,,,,,,,,,,,,,,,,,,,,,,,,,,,1,1,,,,,1,,1,,,,,,,,1,1,,,,,,,,,1,1,,,,,,,,,,,,1,,,,,,,,,,,,,,,,,,,,,,,,,,,,,,,,,,,,,,,,,,,,,,,,,,,,,,,,,,,,,,,,,,,,,,,,,,,,,,,,3,,,,,,,,,,,5,1,,,,,,,,,,,,,,,,,,,
1088858622,,,,,,,,,1,,,,,,9,,,,,,,,,,,18,,,,,,,,,,,5,,,,,,,,,,,,,,,2,,,,,,,,,,9,8,,,1,,,,,,,,,1,,,,,,,1,1,,,,,1,,,,,,,,,,,,,,,,,,,,,,,,,1,,1,,,,1,,,,,,,,,,,,,,,,,,,,,,,,,,,,,,,,,,,,,,,,,,,,,,,,11,,1,,,,,,,,,,,,,,,,,,,,,,,1,2,1,,,,2,,1,,,,,,,,1,2,,,,,,,,,2,2,,,,,,,,,,,,2,1,,,,,,,,,,,,,,,,,,,,,1,1,,,,,,,,,,,,,,,,,,,,,,,,,,,,,,,,,,,,,,,,,,8,,,,,,,,,,,,,,,,,,,,,,,,,,,,,,14,1,,23,,14,3,,2,9,9,,,,1,,1
1098239161,,,,,,,,,1,4,,,,,37,,,,,,,,,,,55,,1,,1,,1,,,,,5,,,,,,,,,,,,,,,2,,,,,,,,,,,,1,,1,,,,,,,,,1,,,,,,,1,1,,,,,1,,,,,,,,4,,,,2,,,,,,,3,7,4,1,,,,,,,,,1,,,,,,,3,,,,,,,,,,,,,,,,,,,,,,,2,1,2,3,1,,,,,,,,,,,,,,16,,2,,,,1,,,,,,,,,,,,,,,,10,,,2,2,1,,,,2,,2,,,,,,,,2,2,,,,,,,,,2,2,,,,,,,,,,,,2,1,,,,,,,,,,,,,,,,,,,,,,,,,4,,,,,,,,,,,,,,,,,,,,,,,,,,,,,,,,,,,,1,1,,,,,,,,,,2,,,,,,,3,,,,,,,,,,,4,1,,,13,5,,24,,14,2,,1,,,,,,,,
1099829255,,,,,,,,,,,,8,3,,52,,,,,,,,,,,14,,,,,,,,,,,10,,,,,,,,,,,,,,,,,,,,,,,,,,,,,,,,,,,,,,,,,,,,,,,,,,,,,,,,,,,,,,,,,,,,,,,,,,,,,,,,,,,,,,11,,,,,,4,11,7,,,,,,,,,,,,,,,,,,,,,,,,,,,,,,,,,,,,7,,,,,,,,,,,,,,,,,,22,,,,,,,4,5,,,,,4,,1,,,,,,,,4,4,,,,,,23,,9,5,5,,,,,,,,,,,,4,1,,,,,,,,,,,,,,,,6,,,,8,,,,,,,,7,4,,11,,,,,,,,,,,,,,,11,11,,11,11,,11,,11,,,,,,,,,,,,,,,,,,,,,,,,,,,,,,,,,,,,,,,,,14,,1,,,,,,,,,,2,,,7
1106918419,,,,,,,,,10,,,,1,,41,,,,1,3,1,,,1,,107,,,,,,,,,,,9,,,,,,,,10,1,,,,,,5,,,,,,,,,,,3,2,,5,,1,3,8,,,,,10,1,,,,,,9,8,,1,,,8,,,,,,,,,,,,,,,,,,,,,,,,,5,,6,4,,1,5,,,,1,,,,,,,,,,,,,,,,,,1,,,,,,,,,,,,,,,,,,,,,,,,,,19,7,32,,1,,,,,,,,,,,,,,2,,,,,1,,5,6,1,,16,,5,,,,,,,,,,5,5,,,,,,20,,13,6,6,,,,,,,,,,,7,6,1,,1,,,,,,,,,,3,,,,1,,,,1,10,10,3,,,,,1,1,,1,,,,,1,,,,,,,,,,1,1,,1,1,,1,,1,,1,,,,,1,1,,,,,,1,,,,1,,,,,,,,1,,,,,,,,,,,,,,8,14,,43,,45,2,,,,,,,1,4,,8
1109084797,,,,,,,,3,9,,,,,,35,,1,1,,,,,,,,118,1,,,,,,,,,,8,,,,,,,,,1,,,,,,8,2,1,,,,,,,,,1,4,,6,,,,,,,,,9,,1,,,,,9,9,,,,,9,,,,,,,,,,,,,,,,,,,,,,,,,4,,7,2,,,6,,,,3,,,,,,,,,,,,,,,,,,,,,,,,,,,,,,,,,,,,,,,,,,,,29,,4,,1,,,,,,,,,,,,,,,,,,,,,6,8,1,,,,8,2,,,,,,,,,6,8,1,,,,,10,,9,9,9,,,,,,,,,,,,9,1,,,,,,,4,3,,,3,2,,,,3,,,,3,9,9,3,,,3,3,3,,,3,,,,,,,,,,,,,,,,,,,,,,,,,,,,,,,1,,,,,,,,,,3,,,,,,,,,,,,,,,,,,,,,,9,15,,27,,18,2,,1,,,,,,2,,10
1115139371,,,,,,,,,,,,,,,5,,,,,,,,,,,6,,,,,,,,,,,4,,,,,,,,,,,,,,,1,,,,,,,,,1,,4,,,,,,,,,,,,,,,,,,,,,,,,,,,,,,,,,,,,,,,,,,,,,,,,,,,1,,,,,,,,,,,,,,,,,,,,,,,,,,,,,,,,,,,,,,,,,,,,,,,,,,,,,14,,14,,,,,,,,,,,,,,,,,,,,,,,,1,1,,,,1,,,,,,,,,,,1,,,,,,,,,1,1,,,,,,,,,,,,1,,,,,,,,,,,,,,,,,,,,,,,,,,,,,,,,,,,,,,,,,,,,,,,,,,,,,,,,,,,,,,,,,,,,,,,,,,,,,,,,,,,,,,,,,,,,,,,12,,3,32,,27,1,,,,,,,,,,
1116016222,,,,,,1,,,,,,,,,1,,,,,,,,,,,2,,,,,,,,,,,6,,,,,,,,,,,,,,,1,,,,,,,,,,,,,,,,,,,,,,,,,,,,,,,,,,,,,,,,,,,,,,,,,,,,,,,,,,,,,,,,,,,,,,,,,,,,,,,,,,,,,,,,,,,,,,,,,,,,,,,,,,,,,,,,,,,1,,,,,1,,,,,,,,,,,,,,,,,,,,,1,,,,,1,,1,,,,,,,,,1,,,,,,,,,1,1,,,,,,,,,,,,1,,,,,,,,,,,,,,,,,,,,,,,,,,,,,,,,,,1,,,,,,,,,,,,,,,,,,,,,,,,,,,,,,,,,,,,,,,,,,1,1,1,1,,,,,,,,,,,,,,,,,,,,,,,,,,,,,,,,
1119172622,,,,,,,,,,,,1,,,3,,,,1,1,1,,,,,18,,,,,,,,,,,7,,,,,,,,,,,,,,,1,,,,,,,,,,,,,,,,,,,,,,,,,,,,,,,,,,,,,,,,,,,,,,,,,,,,,,,,,,,,,,,,,,,,,,,1,,,,,,,1,1,,,,,,,,,,,,,,,,,,,,,,,,,,,,,,,,,,,,2,,,,,,,,,,,,,,,,,,2,,,,,,,1,2,,,,,1,,1,,,,,,,,1,1,,,,,,1,,,2,2,,,,,,,,,,,,2,,,,,,,,,,,,,,,,,1,,,,1,,,,,,,,1,,,1,,,,,,,,,,,,,,,,1,1,,1,1,1,,1,,,,,,,,,,,,,,,,,,,,,,,,,,,,,,,,,,,,,,,,,1,,1,,,,,,,,,,,,,1
1119946849,,,,,,,,,2,9,,,,,,,,,,,,,,,,54,,1,,1,,1,,,,1,7,,,,,,,,,,,,,,,3,,,,,,,,,2,,5,,,1,,,,,,,,,2,,,,,,,2,2,,,,,2,,,,,,,,9,,,,2,,,,,,,6,15,9,1,2,,2,4,,1,,,1,,,,,,,,,,,,,,,,,,,,,,,,,,,,1,,,,,,,,,,,,,,,,,,,,17,,2,,,,2,,,,,,,,,,,,,,,,,1,,4,4,1,,,,3,,,,,,,,,,4,3,,,,,,10,,10,4,4,,,,,,,,,,,,4,1,,,,,,,,,,,,2,,,,,,,,,2,2,2,,9,,,1,,,,,,,,,,,,,,,,,,,,,,,,,,,,2,,,,,,,,,,,,,,1,,2,,,,,,,3,,,,,,,,,,,10,1,,,12,11,2,30,,21,3,,,,,,1,1,1,,2
1120202572,,,,,,,,,,,,1,,,3,,,,,,,,,,,2,1,,,,,,,,,,6,,,,,,,,,,,,,,,1,,,,,,,,,,,,,,,,,,,,,,,,,,,,,,,,,,,,,,,,,,,,,,,,,,,,,,,,,,,,,,,,,,,,,,,1,,,,,,,1,1,,,,,,,,,,,,,,,,,,,,,,,,,,,,,,,,,,,,,,,,,,,,,,,,,,,,,,2,,,,,,,1,1,,,,,1,,,,,,,,,,1,1,1,,,,,1,,,2,2,,,,,,,,,,,,2,,,,,,,,,,,,,1,,,,1,,,,,,,,,,,,,1,,1,,,,,,,,,,,,,,,,,,,1,,,1,1,,,,,,,,,,,,,,,,,,,,,,,,,,,,,,,,,,,,,,,,,2,,1,,1,,,,,,,,,,,1
1122862622,,,,,,,,,,,,2,,,4,,,,1,1,1,,,,,19,,,,,,,,,,,7,,,,,,,,,,,,,,,1,,,,,,,,,,,,,,,,,,,,,,,,,,,,,,,,,,,,,,,,,,,,,,,,,,,,,,,,,,,,,,,,,,,,,,,2,,,,,,,2,2,,,1,,,,,,,,,,,,,,,,,,,,,,,,,,,,,,,,,3,,,,,,,,,,,,,,,,,,5,,,,,,,2,2,,,,,1,,1,,,,,,,,2,1,,,,,,3,,,2,2,,,,,,,,,,,,2,,,,,,,,,,,,,1,,,,2,,,,2,,,,,,,,1,1,,2,,,,,,,,,,,,,,,1,1,,1,2,,1,1,2,,,,,,,,,,,,,,,,,,,,,,,,,,,,,,,,,,,,,,,,,2,,1,,,,,,,,,,,,,2
1124891561,,,,,,,,,,,,1,,,2,,,,,,,,,,,2,,,,,,,,,,,5,,,,,,,,,,,,,,,,,,,,,,,,,,,,,,,,,,,,,,,,,,,,,,,,,,,,,,,,,,,,,,,,,,,,,,,,,,,,,,,,,,,,,,1,,,,,,,1,1,,,1,,,,,,,,,,,,,,,,,,,,,,,,,,,,,,,,,1,,,,,,,,,,,,,,,,,,2,,,,,,,1,1,,,,,1,,,,,,,,,,1,1,,,,,,1,,,1,1,,,,,,,,,,,,1,,,,,,,,,,,,,,,,,1,,,,,,,,,,,,1,,,1,,,,,,,,,,,,,,,1,1,,1,1,,1,,1,,,,2,,,,,,,,,,,,,,,,,,,,,,,,,,,,,,,,,,,,,1,,,,,,,,,,,,,,,1
1124899022,2,,,,,,,,,,,3,,,26,,,,,,2,,,,,55,,,,,,,,,,,8,,,,,,,,,3,,,,,,9,,,,,,,,,,1,,1,,1,,,,,,,,,,,,,,,,,,,,,,,,,,,,,,,,,,,,,,,,,,,,,,,2,,2,,,,1,,,,4,,,,,,3,3,1,,,,,,,,,,,,,,,,,,,,,,,,,,,,,,,,,,,,12,,9,,3,,,,,,,,,,,,,,6,,,,,,,3,9,1,,,,9,,2,,,,,,,,3,7,,,,,,6,,3,9,9,,,,,,,,,,,,9,1,,,,,,,,,,,,,,,,4,,,,2,,,,,,,,4,,,4,,,,,,,,,,,,,,,3,3,,3,3,,3,,3,,,,,,,,,,,,,,6,,,,,,,,,,,,,,,,,,,,,,,,,,1,7,,21,,21,,,,1,1,,,,,,1
1124916130,,,,,,,,,,,,,,2,,,,,,1,,,,,,24,,,,,,,,,,,4,,,,,,,,,,,,,,,2,,,,,,,,,,30,18,3,,3,,,,,,,,,,,,,,,,,,,,,,,,,,,,,,,,,,,,,,,,,,,,,,,1,,2,2,,1,3,,,,,,,,,,,,,,1,1,,,,,,,,,,,,,,,,,,,,,,,,,,,,,,,,,27,,15,,,,,,,,,,,,,,,,,,,,,,,,2,1,,,,2,,2,,,,,,,,,2,,,,,,2,,2,2,2,,,,,,,,,,,,2,1,,,,,,,,,,,,,,,,2,,,,,,,,,,,,,,2,,,,,,,,,,,,,,,,,,,,,,,,,,,,,,,,,,,,,,,,,,,,,,,,,,,,,,,,,,,,,,,,39,2,,71,,69,4,1,,30,30,,2,,,,2
1124974262,,,,,,,,,,,,,,,,,,,,,,,,,,16,,,,,,,,,,,4,,,,,,,,,,,,,,,1,,,,,,,,,,,4,2,,2,,,,,,,,,,,,,,,,,,,,,,,,,,,,,,,,,,,,,,,,,,,,,,,2,4,,2,1,,2,,,,,,,,,,,,,,,,,,,,,,,,,,,,,,1,,1,1,,,,,,,,,,,,,,,21,1,14,,,,,,,,,,,,,,,,,,,,,,,,1,1,,,,1,,,,,,,,,,,1,,,,,,,,,1,1,,,,,,,,,,,1,1,2,,,,,,,,,,,,,,,,,,,,,,,,,,,,,,,,,,,,,,,,,,,,,,,,,,,,,,,,,,,,,,,,,,,,,,,,,,,,,,,,,,,,,,,,,,,,,,14,,,35,,24,,,,,,,,,,,
1125408971,,,,,,,,,,,,3,1,,15,,,,,,,,,,,39,,,,,,,,,,,10,,,,,,,,,,,,,,,5,,,,,,,,,,,,1,,1,,,,,,,,,,,,,,,,,,,,,,,,,,,,,,,,,,,,,,,,,,,,,,,1,,1,,,,1,,,,4,,,,,,,4,4,,,,,,,,,,,,,,,,,,,,,,,,,,,,,,,,,,,,6,,,,,,,,,,,,,,,,,,8,,,,,,,3,5,,,,,5,,,,,,,,,,3,5,,,,,,52,,23,5,5,,,,,,,,,,,,5,,,,,,,,,,,,,2,,,,4,,,,4,,,,,,,,3,1,,4,,,,,,,,,,,,,,,4,2,,4,4,,2,,4,,,1,,,,,,,,,,,,,,,,,,,,,,,,,,,,,,,,,,,,,,4,,2,,2,,,,,,,,2,,,4
1125413371,,,,,,,,,11,,,1,,,23,,,,,,,,,,,59,,,,,,,,,,1,11,,,,,,,,,,,,,,,4,,,,,,,,,,,,2,,4,,,,,,,,,11,,,,,,,11,10,,,,,10,,,,,,,,,,,,,,,,,,,,,,,,,3,,1,,,,4,,,,,,,,,,,1,,,,,,,,,,,,,,,,,1,,,,,,,,,,,,,,,,,,,,3,,,,,,,,,,,,,,,,,,2,,,,,6,,3,3,,,,,5,,,,,,,,,,4,5,,,,,,18,,14,4,4,,,,,,,,,,,,4,,,,,,,,,,,,,1,,,,,,,,,11,11,11,,,,,6,,,,,,,,,,,,,,,,,,1,1,,1,1,,1,,1,,3,,2,,,,,,,,,,,,,,,,,,,,,,,,,,,,,,,,,,,,,13,,5,,8,,,,,,,,1,2,,11
1125580862,,,,,,,,,,,,2,,,31,,,,,,,,,,,25,,,,,,,,,,,7,,,,,,,,,,,,,,,2,,,,,,,,,,,3,,,1,,,,,,,,,,,,,,,,,,,,,,,,,,,,,,,,,,,,,,,,,,,,,,,1,,1,,,,1,,,,2,,,,,,2,2,,,5,1,,,,,,,,,,,,,,,,,,,,1,,,,,,,,,,,,,14,,2,,,,,,,,,,,,,,,,4,,,,3,,,2,2,,,,,2,,,,,,,,,,2,2,,,,,,4,,2,2,2,,,,,,,,,,,,2,2,,1,,,,,,,,,,,,,,2,,,,,,,,,,,,2,,,2,,,,,,,,,,,,,,,2,2,,2,2,,2,,2,,,,,,,,,,,,,,,,,,13,1,1,,,,,,,,,,,,,,,,,,,,21,4,,20,,9,2,,1,,,,,,1,,
1125703397,,,,,,,,,,,,1,,,2,,,,,,,,,,,5,,,,,,,,,,,5,,,,,,,,,,,,,,,1,,,,,,,,,,,,,,,,,,,,,,,,,,,,,,,,,,,,,,,,,,,,,,,,,,,,,,,,,,,,,,,1,,,,,,,,1,,,,,,,1,1,,,,,,,,,,,,,,,,,,,,,,,,,,,,,,,,,,,,,,,,,,,,,,,,,,,,,,2,,,,,,,1,1,,,,,1,,,,,,,,,,1,1,,,,,,1,,,1,1,,,,,,,,,,,,1,,,,,,,,,,,,,,,,,1,,,,,,,,,,,,,1,,1,,,,,,,,,,,,,,,1,1,,1,1,,1,,1,,,,,,,,,,,,,,,,,,,,,,,,,,,,,,,,,,,,,,,,,1,,1,,1,,,1,,,,,,,,1
1125710731,,,,,,,,,2,,1,,,,8,,,,,,,,,,,22,,,,,,,,,,,4,,,,,,,,,,,,,,,2,,,,,,,,,,,,1,,3,,,,,,,,,2,,,,,,,2,2,,,,,2,,,,,,,,,,,,,,,,,,,,,,,,,1,,1,,,1,3,,,,,,,,,,,,,,,,,,,,,,,,,,,,,,,,,1,,,,,,,,,,,,,,,2,,,,,,,,1,1,1,,1,1,,,,,2,,,,,,,2,2,,,,,2,,,,,,,,,,2,2,,,,,,2,,1,2,2,,,,,,,,,,,,2,,,,,,,,,,,,,,,,,1,,,,1,2,2,,,,,,,1,,,,,,,,,,,,,,,,,,,,,,,,,,,,,,,,,,,,,,,,,,,,,,,,,,,,,,,,,,,,,,,,,,3,,6,,9,,,,,,,,,2,,3
1125921007,,,,,,,,5,,,,1,,,24,,,,,1,,,,,,29,,,,,,,,,,,12,,,,,,,,,,,,,,,5,4,,1,,,,,,,,,1,,1,,,8,8,,,,,,,,,,,,,,,,,,,,,,,,,,,,,,,,,,,,,,,,,,,1,,1,,,,1,,,,4,2,,,,,,1,1,,,,,,,,,,,,,,,,,,1,1,1,2,1,,,,,,,,,,,,,,8,,3,,,,,,,,,,,,,,,,17,,,,,,,3,5,,,,,6,,3,,,,,,,,3,6,,,,,,5,,2,5,5,,,,,,,,,,,,5,,,,,,,,5,12,,5,5,1,10,,,6,,,,4,,,,,,5,3,5,1,,6,,,,,,,,,,,,,,,1,1,,1,1,,1,,1,,1,,2,,,,,,,,,,,,,,,,,,,,,,11,,,,,,,,,,,,,,,6,,2,,2,,,,,,,,1,,,5
1126328807,,,,,,,,,2,,,,,,13,,,,,,,,,,,32,,,,,,,,,,,7,,,,,,,,,,,,,,,3,,,,,,,,,,,1,,,1,,,,,,,,,2,,,,,,,2,,,,,,,,,,,,,,,,,,,,,,,,,,,,,,,1,,1,,,3,1,,,,,,,,,,,,,,,,,,,,,,,,,,,,,,,,,,,,,,,,,,,,,,,,18,,,,,,,,,,,,,,,,,1,,,,,,1,,2,3,1,,,,3,,1,,,,,,,,2,3,,,,,,2,,1,3,3,,,,,,,,,,,,3,1,,1,,,,,,,,,,2,,,,,,,,,1,1,1,,,,,1,,,,,,,,,,,,,,,,,,,,,,,,,,,,,,,,,,,,,,,,1,,,,2,,,,,,,,,,,,,,,,,,,,,,7,1,,18,,6,2,,,,,,,,1,,1
1126440622,,,,,,,,,,,1,,,,2,,,,,,,,,,,2,,,,,,,,,,,4,,,,,,,,,,,,,,,1,,,,,,,,,,,,,,,,,,,,,,,,,,,,,,,,,,,,,,,,,,,,,,,,,,,,,,,,,,,,,,,,,,,,,,,,,,,,,,,,,,,,,,,,,,,,,,,,,,,,,,,,,,,,,,,,,,,,,,,,,,,1,1,1,,1,1,,,,,3,,,,,,,1,1,,,,,1,,,,,,,,,,1,1,,,,,,1,,,1,1,,,,,,,,,,,,1,,,,,,,,,,,,,,,,,1,,,,,,,,,,,,,1,,,,,,,,,,,,,,,,,,,,,,,,,,,,,,,,,,,,,,,,,,,,,,,,,,,,,,,,,,,,,,,,,,1,,,,,,,,,,,,,,,
1126511407,,,,,,,,,,,,2,,,11,,,,,,,,,,,7,,,,,,,,,,,9,,,,,,,,,,,,,,,,,,,,,,,,,,,,,,,,,,,,,,,,,,,,,,,,,,,,,,,,,,,,,,,,,,,,,,,,,,,,,,,,,,,,,,2,,,,,,,2,2,,,,,,,,,,,,,,,,,,,,,,,,,,,,,,,,,,,,3,,,,,,,,,,,,,,,,,,4,,,,,,,1,1,,,,,1,,,,,,,,,,1,1,,,,,,4,,2,1,1,,,,,,,,,,,,1,1,,,,,,,,,,,,1,,,,2,,,,2,,,,,,,,2,,,2,,,,,,,,,,,,,,,2,1,,2,2,,1,,2,,,,2,,,,,,,,,,,,,,,,,,,,,,,,,,,,,,,,,,,,,2,,1,,,,,,,,,,,,,2
1126859222,,,,,,,,,4,,,,,,10,,,,,,,,,,,24,,,,,,,,,,,7,,,,,,,,,,,,,,,2,,,,,,,,,,,,,,2,,,1,1,,,,,4,,,,,,,4,4,,,,,4,,,,,,,,,,,,,,,,,,,,,,,,,2,,1,,,,2,,,,,,,,,,,,,,,,,,,,,,,,,,,,,,,,,,,,,,,,,,,,,,,,6,,,,,,,,,,,,,,,,,,,,,,,1,,1,1,1,,,,2,,,,,,,,,,2,2,,,,,,3,,3,2,2,,,,,,,,,,,,2,,,,,,,,,,,,,,,,,,,,,,3,3,1,,,,,1,,,,,,,,,,,,,,,,,,,,,,,,,,,,,,,,,,,,,,,,,,,,,,,,,,,,8,,5,,,,,,,,,,,,,3,,6,,6,,,,,,,,,2,,3
1126962407,,,,,,,,,,,,,,,2,,,,,,,,,,,2,,,,,,,,,,,4,,,,,,,,,,,,,,,,,,,,,,,,,,,,,,,,,,,,,,,,,,,,,,,,,,,,,,,,,,,,,,,,,,,,,,,,,,,,,,,,,,,,,,,,,,,,,,,,,,,,,,,,,,,,,,,,,,,,,,,,,,,,,,,,,,,,,,,,,,,,,,,,,,,,,,,,,,,,2,,,,,2,,,,,,,,,,,2,,,,,,,,,2,2,,,,,,,,,,,,2,,,,,,,,,,,,,,,,,,,,,,,,,,,,,,,,,,,,,,,,,,,,,,,,,,,,,,,,,,,,,,,,,,,,,,,,,,,,,,,,,,,,,,,,,,,,,,,,,,,,,,,,,,,,,,,
1127062207,,27,18,,,,,1,2,,6,2,,,103,,1,,,,,,,,,163,1,,,,,,,,,,13,,,,,,,,,6,,,,,,5,1,,,,,,,,,,5,6,,9,,,10,10,,,,,2,,,,,,,2,2,,,,,2,,,,,,,,,,,,,,,,,,,,,,,,,7,,9,4,,1,9,1,,,3,,,,,,,2,2,,21,5,,,,,,,2,,,,,,,,1,1,1,3,1,,,,,,,,,,,,,,50,,16,1,2,,,,6,5,5,,5,6,,,1,2,58,,,,10,,,6,6,1,,,,5,,3,,,,1,1,,,5,5,1,,,,,13,,1,6,6,,,1,1,,,,,,,,6,5,,1,,,,,2,1,,,1,3,,,,8,1,1,,8,2,2,1,,,1,,8,1,,3,,,,1,,,,2,,,,,,,1,2,1,1,2,1,2,,2,,,,,,1,,,,,,,,,,,,16,9,9,,,,,,5,1,,,,,,,,,,,,,24,14,,52,,42,2,,,,,,,,3,,11
1127167571,,,,,,,,,,,,1,,,6,,1,,,,,,,,,13,,,,,,,,,,,9,,1,,,,,,,,,,,,,1,,,,,,,,,,,,,,,,,,,,,,,,,,,,,,,,,,,,,,,,,,,,,,,,,,,,,,,,,,,,,1,,1,,,,,,,,1,,,,,,,1,1,,,1,,,,,,,,,,,,,,,,,,,,,,,,,,4,,,,,,,1,,,,,,,1,,,,,,,,,,1,2,,,,,,1,1,1,,,,,1,,,,,,,,,,1,1,,,,,,1,,,1,1,,,,,,,,,,,,1,,,,,,,,,,,,,1,,,,1,,,,,,,,,,,,1,,,1,,,,,,,,,,,,,,,,,,,1,,,1,1,,,,,,,,,1,,,,,,,,,,,,,,,,,,,,1,,,,,,,,,,,,1,,1,,1,,,,,,,,,,,1
1127265130,,,,,,,,,,,1,,,,3,,,,,,,,,,,6,,,,,,,,,,,6,,1,,,,,,,,,,,,,1,,,,,,,,,,,,,,,,,,,,,,,,,,,,,,,,,,,,,,,,,,,,,,,,,,,,,,,,,,,,,,,1,,,,,,,,,,,,,,,,,,,,,,,,,,,,,,,,,,,,,,,,,,,,,,,,,,,,,,,,,,,1,1,1,1,,1,1,,,,,2,,,,,,1,1,1,,,,,1,,,,,,,,,,1,1,,,,,,1,,,1,1,,,,,,,,,,,,1,,,,,,,,,,,,,,,,,1,,,,,,,,,,,,,1,,,,,,,,,,,,,,,,,,,,,,,,,,,,,,,,,,1,,,,,,,,,,,,,,,,,,,,1,,,,,,,,,,,,1,,1,,1,,,,,,,,,,,
1127278055,,,,,,,,1,,,,3,,,16,,,,,,,,,,,36,,,,,,,,,,,11,,1,,,,,,,,,,,,,2,1,,,,,,,,,,,,,,,,,,,,,,,,,,,,,,,,,,,,,,,,,,,,,,,,,,,,,,,,,,,,2,,3,,,,,,,,3,,,,,,,3,2,,6,2,,,,,,,,,,,,,,,,,,,,,,,,,,15,,,,,,,3,,,,,,,1,,,,,,,,,,1,6,,,,,,1,2,2,,,,,2,,,,,,,,,,2,2,,,,,,3,,,2,2,,,,,,,,,,,,2,,,,,,,,1,1,,,1,,,,,3,,,,,,,,,,1,1,2,1,,3,,,,,,,,,,,,,,,3,3,,3,3,,3,,3,,,,,,,,,1,,,,,,,,,,,,,,,,,9,,1,1,,,,,,,,,,,,3,,2,,2,,,,,,,,,,,3
1127281330,,,,,,,,,,,2,,,,10,,,,,,,,,,,26,,,,,,,,,,,11,,1,,,,,,,1,,,,,,2,,,,,,,,,,,,,,,,,,,,,,,,,,,,,,,,,,,,,,,,,,,,,,,,,,,,,,,,,,,,,1,,2,,,,,,,,,,,,,,,,,,2,2,,,,,,,,,,,,,,,,,,,,,,,,,,,,,,,,,6,,,,1,,,1,2,2,1,,2,2,,,,1,9,,,,,,1,2,2,1,,,,2,,,,,,,,,,2,2,,,,,,2,,,2,2,,,,,,,,,,,,2,,,,,,,,,,,,,1,,,,2,,,,,,,,,,,,2,,,,,,,,,,,,,,,,,,,,,,,,,,,,,,,,,,,1,,,,,,,,,,,,,,,,,,,,1,,,,,,,,,,,,3,,4,,2,,,,,,,,,,,1
1127291131,,,,,,,,,,,1,,,,3,,,,,,,,,,,10,,,,,,,,,,,6,,1,,,,,,,,,,,,,1,,,,,,,,,,,,,,,,,,,,,,,,,,,,,,,,,,,,,,,,,,,,,,,,,,,,,,,,,,,,,,,,,,,,,,,,,,,,,,,,,,,,,,,,,,,,,,,,,,,,,,,,,,,,,,,,,,,,,,,,,,1,1,1,,,1,1,,,,,2,,,,,,1,1,1,,,,,1,,,,,,,,,,1,1,,,,,,1,,,1,1,,,,,,,,,,,,1,,,,,,,,,,,,,1,,,,1,,,,,,,,,,,,,1,,,,,,,,,,,,,,,,,,,,,,,,,,,,,,,,,,1,,,,,,,,,,,,,,,,,,,,1,,,,,,,,,,,,1,,1,,1,,,,,,,,,,,
1127296532,,,,,,,,,,,1,,,,10,,,,,,,,,,,21,,,,,,,,,,,9,,1,,,,,,,,,,,,,1,,,,,,,,,,,,,,,,,,,,,,,,,,,,,,,,,,,,,,,,,,,,,,,,,,,,1,,,,,,,,,1,,1,,,,,,,,,,,,,,,,,,3,1,,,,,,,,,,,,,,,1,,1,2,,,,,,,,24,,,,,,,1,,,,,,,1,1,1,1,,1,1,,,,1,7,,,,,,1,1,1,,,,,2,,1,,,,,,,,1,2,,,,,,1,,,1,1,,,,,,,,,,,,1,,,,,,,,,,,,,,,,,1,,,,,,,,,,,,1,,,,,,,,,,,,,,,,,,,,,,,,,,,,,,,,,,,1,,,,,,,,,,,,,,,,,,,,1,,,,,,,,,,,,1,,2,,2,,,,,,,,,,,1
1127299818,,,,,,,,,,,4,,,,17,,2,,,,,,,,,37,5,,,,,,,,,,12,,1,,,,,,,,,,,,,2,,,,,,,,,,,,,,,,,,,,,,,,,,,,,,,,,,,,,,,,,,,,,,,,,,,,,,,,,,,,,,,3,,,,,,,,,,,,,,,,,,3,1,,,,,,,,,,,,,,,,,,,,,,,,,,,,,,,,,3,,,,,,,1,4,2,2,,2,4,,1,2,2,15,,,,,,1,2,2,,,,,2,,,,,,,,,,2,2,5,,,,,7,,,7,7,,,,,,,,,,,,7,,,,,,,,,,,,,3,,,,4,,,,,,,,,,,,3,1,,,,,,,,,,,,,,,,,,,,,,,,,,,,,2,,,,,1,,,,,,,,,,,,,,,,,,,,1,,,,,,,,,,,,9,,1,,1,,,,,,,,,,,3
1127314531,,,,,,,,,1,,2,,,,42,,,,,,,,,,,74,,,,,,,,,,,9,,1,,,,,,,,1,,,,,5,,,,,,,,,,,,1,,1,,,,,,,,,1,,,,,,,1,1,,,,,1,,,,,,,,,,,,,,,,1,,,,,,,,,2,,2,,,,1,1,,,,,,,,,,,,,21,2,,,,,,,,,,,,,,,1,1,1,2,1,,,,,,,13,,,,,,,11,,1,,,,,1,2,1,2,1,1,2,1,,,1,16,,,,,,1,3,9,1,,,,5,,1,,,,,,,,3,4,,,,,,2,,,9,9,,,,,,,,,,,,7,,,,,,,,,,,,,,,,,2,1,1,,,,,,,,,,1,1,,,,,,,,,,,,,,,,,,,,,,,,,,,,,,,1,,,1,,,,,,,,,,,,,,,,,,1,,1,,,,,,,,,,1,,6,,7,,3,,,,,,,,,,,2
